CPS Name,Lit. Name,system_name,sysname,cps_identifier,Msini_pre_med,Msini_pre_high,Msini_pre_low,a_pre_med,a_pre_high,a_pre_low,ecc_pre_med,ecc_pre_high,ecc_pre_low,comp_ind,teff,teff_err,feh,feh_err,logg,logg_err,Rstar,Rstar_err,Mstar,Mstar_err,Vmag,BV_color,parallax,a_post_low,a_post_med,a_post_high,Mtrue_post_low,Mtrue_post_med,Mtrue_post_high,ecc_post_low,ecc_post_med,ecc_post_high,om_post_low,om_post_med,om_post_high,inc_post_low,inc_post_med,inc_post_high,asc_post_low,asc_post_med,asc_post_high,per_post_low,per_post_med,per_post_high,tp_post_low,tp_post_med,tp_post_high,dmu,dmu_err,signif_dmu,logrhk,age
BD-103166 b,BD-103166 b,BD-103166,BD-103166,bd-103166,0.449,0.017,0.017,0.04501,0.00064,0.00066,0.022,0.024,0.015,0,5382.6,78.5,0.37,0.057,4.465,0.03,0.97,0.021,1.0,0.044,5.0,0.9,0.01182,0.0006100451373322,0.0449541635266285,0.0005814116332057,0.0558391361856999,0.5123713855087292,0.2421006657039045,0.0115446714216912,0.0163622030565804,0.0193409672801911,121.49963068470905,-20.855936746400836,160.0716410303918,39.723072546938766,89.41394401429811,39.35106181346176,124.57673111972692,181.4515873425861,124.19747458801902,2.051478790621175e-05,3.487945170020826,2.0634274472186576e-05,1.0361984758637846,2455198.360725522,0.9325844198465348,0.0,100000000.0,False,-4.775,2.45
GL 317 b,GL 317 b,GL 317,GL317,gl317,1.852,0.037,0.037,1.1799,0.0076,0.0076,0.098,0.016,0.016,0,3492.7,44.6,0.301,0.076,4.822,0.012,0.432,0.008,0.453,0.009,13.2266,1.6,0.06577,0.0076445527051711,1.1820599288650906,0.0077989409542915,0.2110336568271935,2.0983057427064136,0.8346280773981993,0.0151994335854768,0.1075579707836715,0.0152751887911692,14.327853932820773,-21.265321976424158,14.612798931450047,38.71675421419443,90.01888190071644,37.41874147416084,122.24994659923132,175.459853847891,126.69945746555538,0.5584185145077072,695.5538970446695,0.5699860671527404,31.799728483892977,2455800.6560732205,25.47008652053773,0.0,100000000.0,False,-4.887,3.7
GL 317 c,GL 317 c,GL 317,GL317,gl317,1.673,0.078,0.075,5.78,0.74,0.38,0.248,0.11,0.074,1,3492.7,44.6,0.301,0.076,4.822,0.012,0.432,0.008,0.453,0.009,13.2266,1.6,0.06577,0.230678789047805,5.465570470303798,0.2731527305194765,0.2518244890597527,1.944999187232679,1.0754412731202068,0.0629119736788171,0.1862514097175782,0.0654324460185075,15.69178089104939,126.44966059528936,16.82053410183984,40.74231462105445,87.72391275050556,43.99289720359202,120.50211820092694,178.29035506963288,122.93570979564328,428.6456439713538,6917.022796640832,518.2002726590554,268.2916143448092,2456896.103179033,316.6692039426416,0.0,100000000.0,False,-4.887,3.7
GL 687 b,GL 687 b,GL 687,GL687,gl687,0.0553,0.0047,0.0047,0.1658,0.0012,0.0012,0.153,0.077,0.08,0,3561.3,41.8,0.063,0.078,4.859,0.01,0.397,0.008,0.418,0.009,10.8705,1.5,0.21978,0.0011949340173469,0.1658081181008876,0.001167618886787,0.0091970027942258,0.0625210052329566,0.0353200281146396,0.0532432684361407,0.0767827631612457,0.0729700850011539,85.9050073693592,52.199476115555626,60.86134957674297,42.53651964750026,89.70251945994187,42.27251953095384,122.71130037380496,181.1935802223112,121.44175523163102,0.0141152270749529,38.13299243316573,0.0144440223686785,6.4721249914728105,2455205.828219954,17.30290830368176,0.1031321510672569,0.0504646189510822,False,-5.098,7.83
GL 876 d,GL 876 d,GL 876,GL876,gl876,0.0184,0.0016,0.0015,0.02183,0.00018,0.00019,0.273,0.093,0.098,0,3293.7,48.4,0.213,0.064,4.875,0.012,0.367,0.008,0.37,0.009,11.8087,1.6,0.21387,0.000194010336737,0.0218282739915817,0.0001867823259889,0.0018206067763652,0.0213859056256109,0.0017847983530793,0.0950731420681743,0.2715401459355124,0.0962610171015466,,,,,,,,,,,,,,,,0.1722971051931381,0.0903926789760589,False,,
GL 876 c,GL 876 c,GL 876,GL876,gl876,0.698,0.013,0.013,0.1363,0.0011,0.0011,0.0055,0.0064,0.004,1,3293.7,48.4,0.213,0.064,4.875,0.012,0.367,0.008,0.37,0.009,11.8087,1.6,0.21387,0.0011110477169171,0.1362898677086857,0.0010859899860116,0.0152447464964478,0.8104965365198071,0.015028616269021,0.0051347695561548,0.0054929573106546,0.0051284036945446,,,,,,,,,,,,,,,,0.1722971051931381,0.0903926789760589,False,,
GL 876 b,GL 876 b,GL 876,GL876,gl876,2.108,0.036,0.036,0.2177,0.0018,0.0018,0.0019,0.0022,0.0013,2,3293.7,48.4,0.213,0.064,4.875,0.012,0.367,0.008,0.37,0.009,11.8087,1.6,0.21387,0.0017966796190488,0.217730751143072,0.0017712212474502,0.0408547680449644,2.4477923656893443,0.0411264777944837,0.0017610140833776,0.0019128791407503,0.0017324513946522,,,,,,,,,,,,,,,,0.1722971051931381,0.0903926789760589,False,,
HD 104067 b,HD 104067 b,HD 104067,HD104067,104067,0.202,0.017,0.017,0.2673,0.0032,0.0033,0.247,0.08,0.082,0,4939.0,63.8,0.087,0.059,4.564,0.024,0.781,0.014,0.818,0.03,6.338,0.99,0.04908,0.0033000427886122,0.2675238442491208,0.003212087295813,0.035675710022239,0.2217515452500958,0.1296531206674183,0.1038600156636995,0.259387204312974,0.0976030870248825,22.41406013460477,-0.7664059231063277,20.250244739269508,42.58580109801135,89.83082628846117,43.34743886399369,121.22229983232664,179.36738437899535,123.2369058265235,0.0283654068982457,55.8750697863526,0.025629035252848,43.95554634602741,2455205.914088593,9.794270058628172,0.1218822002410888,0.0491750314831733,False,-4.683,1.78
HD 10697 b,HD 10697 b,HD 10697,HD10697,10697,6.39,0.13,0.13,2.156,0.02,0.02,0.0998,0.0082,0.0082,0,5645.1,98.4,0.16,0.06,3.958,0.022,1.863,0.045,1.156,0.032,3.7284,0.665,0.03016,0.0201278009776189,2.1593914337793354,0.0198068228116716,0.3211258396134937,6.771138214005305,0.9032442072917828,0.0057948518661331,0.1036997274460324,0.005783000933243,3.765094271049378,118.41917078587524,3.793449748255441,25.999283666525088,89.75127023710937,24.47243789186743,17.517421728495435,206.349124066137,18.03300943029177,0.4744727302829687,1075.2138916549015,0.4834075051485342,11.09426330542192,2454726.680873889,11.054853151086718,0.2191398739814758,0.0530907548964023,True,-5.047,6.6
HD 107148 c,HD 107148c,HD 107148,HD107148,107148,0.0626,0.0097,0.0098,0.1406,0.0018,0.0018,0.34,0.13,0.16,0,5752.9,86.2,0.296,0.058,4.345,0.028,1.169,0.027,1.105,0.043,4.4713,0.66,0.02021,0.0018628750764687,0.1407456955381241,0.0018317678956418,0.0142427788973859,0.0682679454093926,0.0362663856592989,0.1489198427797965,0.295148691752282,0.1292957050768919,32.58293593200107,-34.568669843315696,29.41354600926841,39.59563760512052,93.009184845735,43.53306271640861,115.92329793937157,167.28235836442815,130.84511496246887,0.0024971431776599,18.32555793953724,0.0022227763498285,3.2267522891052067,2455197.77029166,1.1015460737980902,0.034481506794691,0.0545037500560283,False,-5.027,6.15
HD 107148 b,HD 107148 b,HD 107148,HD107148,107148,0.203,0.015,0.015,0.3668,0.0047,0.0048,0.174,0.071,0.075,1,5752.9,86.2,0.296,0.058,4.345,0.028,1.169,0.027,1.105,0.043,4.4713,0.66,0.02021,0.0048120402225594,0.3670290088114183,0.0048267794182946,0.0313017607877395,0.2314600746332586,0.1205988892545669,0.0702837963029001,0.1423036012596693,0.0688199553329697,22.412507288034305,-119.29838326760844,28.998898776103303,41.39686774119567,89.59037222047618,42.02586814016291,128.58094675414435,187.203813252816,117.4104465113708,0.0215962782248908,77.17750952874779,0.0212235741271769,5.029517929535359,2455194.7053691945,5.019428855739534,0.034481506794691,0.0545037500560283,False,-5.027,6.15
HD 108874 b,HD 108874 b,HD 108874,HD108874,108874,1.32,0.047,0.047,1.053,0.016,0.016,0.144,0.016,0.016,0,5570.0,90.9,0.221,0.061,4.359,0.032,1.091,0.026,0.996,0.046,4.5803,0.71,0.01677,0.0170985240383751,1.0526506836802636,0.0165253611544644,0.1713361506540234,1.503051119889543,0.7435250584181106,0.014968798675636,0.1363894746740442,0.0146187862377406,6.175740584100765,-140.63571711048755,6.389200737444099,40.098667879921976,91.31856003177091,41.79012964682853,117.86412410588504,171.6244316201538,132.12399297538644,0.2196685958975308,395.2831661552141,0.2226185681884089,6.751426986884326,2455236.449823112,6.797078207600862,0.0671096071600914,0.0479697734117507,False,-5.064,6.99
HD 108874 c,HD 108874c,HD 108874,HD108874,108874,1.14,0.052,0.05,2.83,0.044,0.045,0.265,0.03,0.031,1,5570.0,90.9,0.221,0.061,4.359,0.032,1.091,0.026,0.996,0.046,4.5803,0.71,0.01677,0.0470692875119289,2.836989808750089,0.0452697176529075,0.1666851738560706,1.355570026736382,0.7143296898448444,0.0269000050627414,0.2175120697278879,0.0270769165302933,7.602536641237679,14.060587379155413,7.822524855335221,42.606793196215015,89.51245021436048,42.256868342603525,126.58114593568602,184.30874965470483,122.46210618054889,7.722506741739835,1748.9655929199855,7.746352760736727,34.58417095942423,2454549.902987508,39.98523097625002,0.0671096071600914,0.0479697734117507,False,-5.064,6.99
HD 111031,HD 111031,HD 111031,HD111031,111031,66.0,47.0,33.0,32.0,15.0,10.0,0.49,0.14,0.17,0,5736.6,91.8,0.272,0.06,4.281,0.029,1.253,0.03,1.099,0.045,4.4487,0.7,0.03202,5.779535472906655,28.476598396797527,10.535069487953962,31.5473114891153,155.2240391146284,41.01679590563546,0.1016536606859273,0.4622257769996501,0.1147838021797504,15.514159014973115,107.59957264856058,17.89175457676049,5.697537810158451,156.28407000012967,4.256354728481,5.913392494509139,347.0122223053524,6.155892460416567,13898.107465784946,49752.853706219394,28944.461088199158,647.0381059702486,2447101.6179967094,678.0388606176712,3.387753486633301,0.0341025404632091,True,-5.08,7.37
HD 114729 b,HD 114729 b,HD 114729,HD114729,114729,0.892,0.053,0.053,2.094,0.022,0.022,0.098,0.048,0.05,0,5755.8,98.6,-0.272,0.062,3.98,0.023,1.651,0.039,0.955,0.029,3.9696,0.62,0.02642,0.0217926733979916,2.0930631185584563,0.0211652274903659,0.5444938068183782,1.6160882677403203,0.6390627121899539,0.0491436278566676,0.0936970620269095,0.0480740863326069,53.24027023750514,119.07509473700992,33.31407318045859,14.382244095490702,38.66828701551801,97.8694421957517,252.67337634628475,299.2098925800579,30.12816268927213,3.4492520406358835,1130.9074352594434,3.365424941532865,128.77185511030257,2455129.728271616,110.59913542913272,0.1095232218503952,0.028469979763031,True,-5.043,6.5
HD 114783 b,HD 114783 b,HD 114783,HD114783,114783,1.033,0.034,0.033,1.164,0.016,0.016,0.126,0.016,0.016,0,5126.7,68.3,0.151,0.058,4.526,0.027,0.841,0.017,0.867,0.036,6.0188,0.91,0.04745,0.0154414564710054,1.1642181725413725,0.0161207927110766,0.064203703277891,1.0864343818625295,0.1764823171593847,0.0121513092798518,0.1181267244975064,0.0116718670790654,6.805750375283125,111.3628060509557,6.745344966537502,28.034445005802525,93.33007083362897,26.46380535848993,96.62098170394458,137.00823456568395,176.20910897424113,0.2511775836313745,492.57363995043744,0.2707332628597783,9.176505825482309,2455306.3471375834,9.149933130014688,0.2569952607154846,0.0432199724018573,True,-4.951,4.69
HD 114783 c,HD 114783c,HD 114783,HD114783,114783,0.66,0.046,0.047,4.97,0.12,0.11,0.114,0.058,0.058,1,5126.7,68.3,0.151,0.058,4.526,0.027,0.841,0.017,0.867,0.036,6.0188,0.91,0.04745,0.0905676865665743,4.9802293465588665,0.0863528337662389,0.4956199573365603,1.5485128604078562,0.4723566035737558,0.0458530370770745,0.0788967224182209,0.04498952512127,296.80829591503897,133.35350590827727,34.65044814130846,111.59676890847504,152.3982933120868,8.15636840565395,12.158222826057177,17.369003785314003,293.2400515534621,77.28365705173928,4352.761263474627,77.01667384707889,459.0273072430864,2455713.504222359,342.9118070746772,0.2569952607154846,0.0432199724018573,True,-4.951,4.69
HD 115617 c,61 Vir c,HD 115617,HD115617,115617,0.0161,0.0017,0.0016,0.04956,0.00066,0.00067,0.099,0.091,0.07,0,5585.6,78.9,0.028,0.06,4.369,0.028,1.033,0.023,0.914,0.037,5.0776,0.72,0.11689,0.0006553134714831,0.0495656296496255,0.0006369109979283,0.0028715165248079,0.0211742475745128,0.0096203382535581,0.0363501866737627,0.0510068250025389,0.0545593726517728,68.13549963358045,-44.09876130186046,121.7770234087176,43.1279094359087,93.09049391641702,39.613307062537615,127.66398287274356,189.75250651912168,115.2614043703566,6.50369394152861e-05,4.21489106496036,6.545992576789672e-05,2.1024381229653955,2455198.241995515,0.7942783161997795,0.4079362750053406,0.187521681189537,False,-4.951,4.68
HD 115617 b,61 Vir b,HD 115617,HD115617,115617,0.0507,0.0035,0.0036,0.215,0.0028,0.0029,0.068,0.067,0.047,1,5585.6,78.9,0.028,0.06,4.369,0.028,1.033,0.023,0.914,0.037,5.0776,0.72,0.11689,0.0028416887724302,0.2150746287179439,0.002764116159694,0.0062980963818412,0.0524527414387447,0.0274156965565043,0.0272852703007596,0.0388890612481572,0.0439789233477664,81.57081590571744,-29.658414877844773,136.5900631909242,41.76176323259275,90.97171309782664,38.858395708563776,123.23114709574166,182.18935985547347,121.21878534255046,0.0056535068006695,38.0977182772544,0.005166959437183,16.538941939827055,2455203.0020983643,9.536934078205377,0.4079362750053406,0.187521681189537,False,-4.951,4.68
HD 117176 b,70 Vir b,HD 117176,HD117176,117176,7.24,0.13,0.13,0.4766,0.0043,0.0044,0.3989,0.0011,0.0012,0,5481.9,100.7,-0.04,0.061,3.893,0.021,1.922,0.048,1.061,0.029,3.7248,0.71,0.05583,0.0045156035953732,0.4780367342473569,0.0040992513417338,0.6680005454384395,8.014584627356621,2.936824657549144,0.0009313319908056,0.3993411281569292,0.0009316036022074,0.1484680001213022,-0.8789882028176778,0.1506108224073924,33.14497802261339,89.01277633358208,35.55111143718905,122.50286164215024,174.88247532798312,120.70000604747628,0.0006484273482101,116.69320955487105,0.0006166847507103,0.0401750598102808,2455291.60338984,0.0410838453099131,0.0727325156331062,0.0730309635400772,False,-5.121,8.45
HD 117207 b,HD 117207 b,HD 117207,HD117207,117207,1.87,0.076,0.075,3.744,0.059,0.06,0.142,0.027,0.026,0,5634.8,95.6,0.225,0.061,4.342,0.032,1.128,0.027,1.024,0.047,4.6665,0.724,0.03088,0.0581036443972444,3.744053335072586,0.0565845846356856,0.1151852958548125,1.983167998873494,0.2215568216037793,0.0232713736361623,0.1502972643601157,0.0229691659451847,9.710146582579355,92.3992925717174,9.387779635400976,23.042598163214407,90.80888474806954,24.850211452420027,19.582313188481063,218.84725220492248,17.68814897829546,9.522111443525771,2611.71466795972,9.75865010840198,67.83587746182457,2453373.6437646328,66.0685659153387,0.1294866800308227,0.0348338708281517,True,-5.023,6.06
HD 11964a c,HD 11964a c,HD 11964A,HD11964A,11964a,0.0766,0.0063,0.0061,0.2315,0.0022,0.0022,0.106,0.088,0.071,0,5345.6,100.5,0.138,0.06,3.873,0.02,2.048,0.053,1.151,0.033,3.764,0.83,0.02979,0.0022225980317777,0.2316001389272076,0.0021708675595773,0.0131092411901286,0.0924644463208935,0.0602633612310179,0.0608325519387314,0.1061413805164992,0.0665023772190535,273.9741936482209,130.1865975004138,32.25090756738828,44.03800831354973,89.4995696869879,44.13726765503141,120.52992706634598,180.89419479841,120.66257318187044,0.006311766291084,37.91938336753615,0.0065404586907433,3.607230919413269,2455205.8585191546,4.01631412608549,0.1408341228961944,0.0554772801697254,False,-5.171,9.88
HD 11964a b,HD 11964a b,HD 11964A,HD11964A,11964a,0.631,0.027,0.027,3.185,0.032,0.032,0.101,0.044,0.046,1,5345.6,100.5,0.138,0.06,3.873,0.02,2.048,0.053,1.151,0.033,3.764,0.83,0.02979,0.0312754690249259,3.18300980127634,0.0318553924918836,0.0808554145283155,0.7172941162592181,0.4246269090637367,0.0382191429673384,0.1185661441421311,0.0377453103134483,14.996500342537615,-152.015504637607,18.014793334797105,41.93040650588882,91.4119749762366,41.62127251508443,121.30790331689067,180.2071870818521,122.97317615860294,7.600615121720466,1931.759911409896,8.135346389879714,87.67471836321056,2454431.306922085,80.88227096898481,0.1408341228961944,0.0554772801697254,False,-5.171,9.88
HD 120066 b,HR 5183 b,HD 120066,HD120066,120066,3.15,0.18,0.17,25.0,19.0,8.3,0.886,0.049,0.056,0,5833.8,99.9,0.101,0.063,4.096,0.034,1.555,0.037,1.1,0.066,3.8701,0.66,0.03176,5.880130107372221,23.69161644013964,9.216001665092712,0.1919776233508758,3.245326722879121,0.2213518167394363,0.0376068666448801,0.8808097476805218,0.0324217480168724,1.4374047454609276,-21.049399492644906,1.376163746635637,14.85393581798226,89.86070625717556,14.981649188747284,20.8178244067268,221.70086055069453,18.53937152330053,13910.408234699476,40119.38970711998,25393.77979820395,9.607072352897376,2458119.0919779064,9.577934123110026,0.1353053450584411,0.0352579243481159,True,-4.969,5.0
HD 120136 b,tau Boo b,HD 120136,HD120136,120136,4.3,0.075,0.075,0.04869,0.00039,0.0004,0.0074,0.0059,0.0048,0,6461.3,81.2,0.272,0.057,4.264,0.02,1.44,0.031,1.403,0.034,3.535,0.508,0.06403,0.0002609229640389,0.0486265713721893,0.0003368943827749,0.2090868426026428,4.513358217101821,0.7506767889253361,0.0061717977450099,0.0177854909294749,0.0059448952275742,323.74980883477514,153.47337675809547,18.87850015143323,26.351144477306235,86.99236931984034,24.9836205887095,128.450648709628,186.66993898886605,119.09443995022112,3.564629224239724e-06,3.312447213936204,3.5297023219804657e-06,0.1811402249149978,2455199.048482226,0.1674736849963665,8.764399528503418,0.1203520148992538,True,-5.006,5.71
HD 120136,tau Boo,HD 120136,HD120136,120136,350.0,230.0,160.0,46.0,46.0,18.0,0.84,0.093,0.14,1,6461.3,81.2,0.272,0.057,4.264,0.02,1.44,0.031,1.403,0.034,3.535,0.508,0.06403,14.271693802249516,56.89349104894484,20.789800340399356,81.04142443798628,470.4640891712221,85.78711851116543,0.0942211020541454,0.5548292180361404,0.091953588747372,14.358822569517471,114.72284228670576,17.351408446903676,12.431581779404311,67.08162546983255,15.523293933729876,9.484934038103177,37.76568357811176,9.4115560062653,39325.8943230913,115038.41647218911,67201.05507063442,1484.696899047587,2463303.3456976907,1368.1469113728965,8.764399528503418,0.1203520148992538,True,-5.006,5.71
HD 12661 b,HD 12661 b,HD 12661,HD12661,12661,2.283,0.062,0.063,0.824,0.011,0.011,0.3597,0.0046,0.0044,0,5661.2,94.1,0.338,0.059,4.316,0.029,1.198,0.027,1.085,0.044,4.5896,0.72,0.02639,0.0110455559496671,0.8247847356677146,0.0111546712758704,0.1913692424546558,2.507823008688717,0.6513222189092751,0.0050021173825313,0.3627353641017312,0.0049969920887396,0.9075878502903548,-61.749653466763576,0.8711757575412307,30.251028480202613,78.15852382110211,31.89232436453557,119.15713524884686,178.19140368518333,116.71069340758696,0.0160969449449908,262.3692443501999,0.0161158842132067,0.5166931725107133,2455200.522229901,0.4978972659446299,0.227376788854599,0.0480673424899578,True,-5.022,6.04
HD 12661 c,HD 12661c,HD 12661,HD12661,12661,1.855,0.054,0.054,2.86,0.038,0.039,0.025,0.012,0.012,1,5661.2,94.1,0.338,0.059,4.316,0.029,1.198,0.027,1.085,0.044,4.5896,0.72,0.02639,0.0384258552711758,2.8745442725470425,0.0392525620778045,0.6842848361479863,2.764866723306584,0.7479378787385405,0.0129035731477669,0.0536851053115981,0.012783793877525,13.343442976576142,88.91484828891086,13.487941082652457,13.308848484745049,46.551225642464566,65.77874094513271,15.912161221071583,302.88762227561296,14.547501469276485,2.204975081272096,1707.1853091439004,2.338339451272532,63.41298261564225,2454056.023440705,64.13046750659123,0.227376788854599,0.0480673424899578,True,-5.022,6.04
HD 126614 b,HD 126614 b,HD 126614,HD126614,126614,0.356,0.032,0.03,2.291,0.026,0.027,0.577,0.069,0.065,0,5409.8,84.5,0.408,0.046,4.174,0.026,1.37,0.031,1.021,0.033,4.5262,1.2,0.01365,0.0259340365439508,2.291642505295344,0.0252800273013966,0.0597350506173078,0.4147137097753048,0.2027214956605694,0.0552110702708454,0.5457403390062787,0.056998342522881,8.48399454673693,-44.63034497174191,8.44922744229477,42.04144781738238,91.70045880858906,40.31286540567642,124.71566707303538,183.8972409905192,119.6877527606264,5.644023332229381,1254.4754088193886,5.567320995085993,21.214802428148687,2455184.781647799,19.114926618058234,1.80937933921814,0.0443263202905654,True,-5.119,8.38
HD 126614,HD 126614,HD 126614,HD126614,126614,27.6,6.4,5.1,16.5,1.7,1.5,0.043,0.047,0.031,1,5409.8,84.5,0.408,0.046,4.174,0.026,1.37,0.031,1.021,0.033,4.5262,1.2,0.01365,7.764236226651718,24.746494460938514,17.65227828000365,60.06584150341138,157.44926735582996,215.8372842522073,0.1044380424249724,0.1369238185529667,0.1665595913277894,41.156629206763775,32.79393629910659,58.898237466724495,8.873524118772124,27.57346763128032,58.4663238234125,23.77862354068528,83.69132906463004,15.034039384555015,17295.953032344623,41490.79651449743,44954.20009170947,29697.74231910426,2447064.388152765,16959.088852251414,1.80937933921814,0.0443263202905654,True,-5.119,8.38
HD 128311 c,HD 128311c,HD 128311,HD128311,128311,2.0,0.15,0.15,1.088,0.012,0.013,0.283,0.04,0.04,0,4931.9,66.0,0.134,0.059,4.574,0.02,0.783,0.013,0.837,0.029,6.4226,0.99,0.06121,0.0129295137219909,1.0885394016822938,0.0122032203713196,0.2789904306516146,1.8782483072734533,0.6748962636911775,0.0415375081992113,0.3048309532294221,0.0350488017419028,8.496417938966992,63.38296047259115,7.937344832938521,36.06488912043453,86.497096024107,33.29628198439302,217.82250170746528,256.0493822443974,69.42656519133016,0.8350703933945169,452.9886446604543,0.9403465598809362,6.923445901833475,2455186.4458825025,6.684420317877084,0.172504261136055,0.0508871525526046,True,-4.434,0.56
HD 128311 b,HD 128311 b,HD 128311,HD128311,128311,3.25,0.12,0.12,1.742,0.02,0.021,0.196,0.047,0.057,1,4931.9,66.0,0.134,0.059,4.574,0.02,0.783,0.013,0.837,0.029,6.4226,0.99,0.06121,0.0202673861549622,1.745936585971099,0.0194701922405746,0.2186746788166202,3.399073724932167,0.6101917169817508,0.0731258894985429,0.1893679430230454,0.0512072681566632,26.037918281606625,40.23623725337525,12.585048858622898,20.20701044913956,73.67044650410733,23.39779073194623,38.6628990315588,237.2500614882969,48.461288913581086,1.9624191075478168,919.5499847467464,1.964456711321077,34.268441467080265,2455160.5696580247,57.47929715598002,0.172504261136055,0.0508871525526046,True,-4.434,0.56
HD 130322 b,HD 130322 b,HD 130322,HD130322,130322,1.149,0.037,0.036,0.0929,0.0011,0.0011,0.015,0.016,0.01,0,5400.5,66.8,0.086,0.058,4.526,0.024,0.872,0.017,0.933,0.032,5.6817,0.75,0.03134,0.0010836912705823,0.0929648108311434,0.0009559691229728,0.1466051587747068,1.3416967110859357,0.62398712785661,0.0075981131303405,0.0331409201449506,0.0079247057257769,12.263475809515114,-161.31847559528512,332.9498527670436,37.27619877002864,86.94296567949567,40.83206569591208,118.61026178842036,180.26184914291343,117.74022628878456,8.633428510940178e-05,10.70857523808354,8.286912212440711e-05,0.4088507308624685,2455195.6278164354,0.3895767568610608,0.0816922485828399,0.0492115132510662,False,-4.741,2.17
HD 1326 b,HD 1326 b,HD 1326,HD1326,1326,0.0171,0.0013,0.0013,0.07321,0.00047,0.00048,0.075,0.072,0.052,0,3742.7,30.2,-0.391,0.087,4.888,0.009,0.375,0.007,0.4,0.008,10.3079,1.56,0.28069,0.0005220712478205,0.0731928736895045,0.0005154479408173,0.0018024132488372,0.0174510277196966,0.0046880749774035,0.0426886944363015,0.0632830158479406,0.0665876658021325,188.39433459030465,32.13783739997097,124.2044360553502,33.35968479206761,90.7526148936632,35.08952505046942,131.78570956246375,189.7878618660931,120.5312038160138,0.0008839168918779,11.441873824344244,0.0009030139699675,2.2636201274581254,2455202.576564221,1.832958939485252,1.4111026525497437,0.0300017036497592,True,-5.097,7.82
HD 134987 b,HD 134987 b,HD 134987,HD134987,134987,1.623,0.049,0.049,0.817,0.012,0.012,0.2281,0.0078,0.0077,0,5700.8,87.5,0.282,0.061,4.252,0.029,1.292,0.031,1.093,0.047,4.4042,0.7,0.03817,0.0116634658561753,0.8179189723794208,0.0112653256360019,0.2343079638411591,1.83431786174963,1.1628407738014988,0.0172884546062889,0.2493120178343038,0.0173310452100412,4.41768756457812,0.3016442364325757,4.451410558628961,42.35111981960172,89.05040643654851,44.53574027451674,81.96343335255425,158.34525508561526,94.19659271860772,0.1120997415089846,258.24728713454505,0.1145986042841968,5.083414483815432,2454989.666611141,250.7189010642469,0.13234643638134,0.0421130657196044,True,-5.08,7.39
HD 134987 c,HD 134987c,HD 134987,HD134987,134987,0.934,0.063,0.06,6.62,0.16,0.15,0.154,0.049,0.05,1,5700.8,87.5,0.282,0.061,4.252,0.029,1.292,0.031,1.093,0.047,4.4042,0.7,0.03817,1.0254348037324554,9.508316979769624,1.43576600680095,0.3719857541048543,1.9338051950786956,0.5404732831323797,0.1503020500522354,0.3566051806359034,0.1260007225203879,14.74405084856138,72.40326028166956,18.586884441622374,39.28213285830228,84.68924730213934,49.51143118530024,75.19084194171947,203.48286921198667,55.45769979975916,1594.4882676475863,10231.415099823627,2400.749193850781,287.9297944032587,2454012.5459534745,395.12056029355153,0.13234643638134,0.0421130657196044,True,-5.08,7.39
HD 136925 b,HD 136925 b,HD 136925,HD136925,136925,0.84,0.078,0.074,5.13,0.12,0.11,0.103,0.094,0.07,0,5773.2,58.1,-0.217,0.059,4.226,0.022,1.193,0.028,0.875,0.022,4.6652,0.8,0.02086,0.1442144401552347,5.176608013334545,0.1469330013120293,0.1892524912475373,0.9993973157702104,0.5673782595667722,0.0614651632232765,0.0875457442386284,0.0965939394213578,111.79159363493082,-30.870700339339955,160.12826216503765,42.94293567008423,90.35658205601518,42.909701824677626,121.76654580033788,177.32959698827824,124.45032164671846,183.82057954851007,4596.439124567444,187.92110744919137,1553.6487606037408,2455618.496756663,1215.664349671919,0.0654993280768394,0.0353227145969867,False,-4.996,5.51
HD 13931 b,HD 13931 b,HD 13931,HD13931,13931,1.911,0.077,0.076,5.323,0.091,0.091,0.02,0.021,0.014,0,5805.5,96.6,0.041,0.061,4.215,0.03,1.302,0.031,1.016,0.046,4.3192,0.642,0.02107,0.0866425697102677,5.3189857836982215,0.0833870864514683,0.6472131268872223,2.7839967436962167,0.8248750777256881,0.015524279185326,0.0219675005459657,0.0236834378621443,214.5220430922936,69.3239576990678,84.8381421259645,58.79528582547319,97.65965236675996,47.07134218353025,85.66729316052749,110.3404974361946,227.4014929774615,38.15718905172616,4438.738018047236,41.45496610175269,899.0479390951805,2453075.5120096803,1008.2352151768282,0.1588878333568573,0.0456794388592243,True,-4.999,5.57
HD 141004 b,HIP 77257 b,HD 141004,HD141004,141004,0.0428,0.0047,0.0045,0.1238,0.002,0.002,0.16,0.11,0.1,0,5885.4,94.3,0.025,0.062,4.174,0.031,1.389,0.033,1.052,0.051,4.0791,0.6,0.08461,0.0020196422365457,0.1237598538308028,0.0019297532418923,0.0079879714595139,0.0555405924213409,0.0308841673580118,0.0681639883686759,0.2914085716298241,0.0639069845061315,15.194946913612856,21.770866836565244,14.736630596285554,43.52822226741844,91.76443122631272,41.11179928747529,123.42993069847644,182.3506809848802,121.37642926188389,0.0011097164733282,15.50764610785834,0.0011246319436644,0.5260918401181698,2455197.966646762,0.637576446402818,0.2256019562482834,0.3821994364261627,False,-4.958,4.8
HD 141399 d,HD 141399 d,HD 141399,HD141399,141399,0.452,0.017,0.017,0.4176,0.007,0.0073,0.053,0.015,0.015,0,5594.8,86.5,0.366,0.057,4.194,0.032,1.387,0.031,1.091,0.056,4.4082,0.77,0.02699,0.0067919408057435,0.4174866832837385,0.0063911933446156,0.0285231911717966,0.4865285259940131,0.0681469952168699,0.011492867532903,0.0647281756567819,0.0116000670817957,8.756874276247572,-165.6486280530203,17.486294708468392,26.50593128929505,93.39581586297244,25.40271182011159,126.10268549875336,182.3887762719535,121.08434334191232,0.0128855047998683,94.36455523057428,0.0130025889230864,2.587488525547087,2455230.1621110137,2.5764410635456443,0.1505590826272964,0.0277292001992464,True,-5.009,5.77
HD 141399 b,HD 141399 b,HD 141399,HD141399,141399,1.329,0.046,0.047,0.693,0.012,0.012,0.0465,0.0068,0.0068,1,5594.8,86.5,0.366,0.057,4.194,0.032,1.387,0.031,1.091,0.056,4.4082,0.77,0.02699,0.0112610519474065,0.6930488982125069,0.0106010718343974,0.0735666443134528,1.3986944153005612,0.1479964961910331,0.0048993647261553,0.0460157590237886,0.0051026606491313,6.630781521238077,-158.51747719536755,7.1667936181884215,23.87495326632066,89.64688996463717,22.79543622524672,108.9879331567778,176.0155461459571,120.27154764202028,0.0282458329161272,201.7518168621306,0.0292939626681629,3.703131211455912,2455282.577105995,3.935390495229513,0.1505590826272964,0.0277292001992464,True,-5.009,5.77
HD 141399 c,HD 141399c,HD 141399,HD141399,141399,1.263,0.047,0.048,2.114,0.036,0.037,0.044,0.013,0.013,2,5594.8,86.5,0.366,0.057,4.194,0.032,1.387,0.031,1.091,0.056,4.4082,0.77,0.02699,0.0339654431472715,2.109143062942785,0.0321994833254106,0.1490904771069299,1.4240737212770578,0.5313703416722193,0.009518845735419,0.0280800505690557,0.0097265078107415,24.674099548504717,-71.30713405282184,22.84353219129033,36.824799125737286,104.51517590869408,35.55510412308891,29.22120591156147,296.34472449685563,28.068665079595178,1.553835947956259,1071.1669377020671,1.4666563908208443,74.32688318891451,2455349.180862127,66.614456708543,0.1505590826272964,0.0277292001992464,True,-5.009,5.77
HD 141399 e,HD 141399 e,HD 141399,HD141399,141399,0.644,0.042,0.04,4.5,0.11,0.11,0.047,0.052,0.033,3,5594.8,86.5,0.366,0.057,4.194,0.032,1.387,0.031,1.091,0.056,4.4082,0.77,0.02699,0.0916697992874349,4.715317777729221,0.0858446241654489,0.2755371272872738,1.023173805057059,0.4613440472551027,0.0331555066974632,0.049588817962214,0.0407353076267388,64.41494417001807,-88.74122083626288,238.9010611814313,40.89889236104885,73.56017525317647,68.0881951522464,24.28797212906568,302.35182794361185,22.256567815643336,43.898104449223865,3579.3809175243287,44.326060123143634,589.4944508313201,2456864.3105551205,660.4900391562842,0.1505590826272964,0.0277292001992464,True,-5.009,5.77
HD 143761 b,rho CrB b,HD 143761,HD143761,143761,1.057,0.024,0.024,0.2213,0.0025,0.0025,0.0355,0.0035,0.0037,0,5770.3,84.0,-0.194,0.059,4.132,0.025,1.355,0.032,0.911,0.031,4.1938,0.61,0.05722,0.0023367096222383,0.2215240125826389,0.0021837060855142,0.0885209614814257,1.1614377248024623,0.2706754314477697,0.0032782560666179,0.036878003818285,0.0033765533995369,4.904596088265677,-96.46952896260426,4.876882923957453,34.41448383549583,94.71858379506088,30.655649288622016,123.18531219888148,177.5164994385398,121.29513501130036,0.0004614946082952,39.84420412997054,0.0004624470265355,0.542046073358506,2455220.4952312345,0.5448181894607842,0.0710827708244323,0.0605412200093269,False,-5.051,6.69
HD 143761 c,rho CrB c,HD 143761,HD143761,143761,0.0885,0.0055,0.0056,0.4157,0.0046,0.0047,0.044,0.05,0.031,1,5770.3,84.0,-0.194,0.059,4.132,0.025,1.355,0.032,0.911,0.031,4.1938,0.61,0.05722,0.0043782769550448,0.4157908824686774,0.0041233459771288,0.0119545061804716,0.0931009925657784,0.0446689261542024,0.0616143712513892,0.1002999564468539,0.0701330723052463,32.43363660104845,-109.15967909843344,64.2888045925811,41.25363017238574,92.40071964498593,40.3316184484804,117.0829867367813,167.25301925969853,127.59181773604332,0.0586179337400381,102.5228826676226,0.0577755173227956,9.57038757065311,2455250.170005681,14.10026639373973,0.0710827708244323,0.0605412200093269,False,-5.051,6.69
HD 145675 b,14 Her b,HD 145675,HD145675,145675,4.85,0.15,0.14,2.83,0.04,0.041,0.3674,0.0035,0.0038,0,5314.9,81.6,0.405,0.047,4.427,0.031,0.996,0.022,0.969,0.042,5.3762,0.9,0.05574,0.0430436001423624,2.8357403832567867,0.0391203760828422,1.2197346638648048,8.502856550043226,0.7112371686071572,0.0027445955201255,0.3635607683083086,0.0027669203868589,0.4274240148890698,23.012478123652176,0.4140117023252259,2.9702862054188266,34.8826150973442,7.5771623756100865,11.818094677949771,230.25961516662085,11.79916447189666,0.4742101749793619,1766.4505630812496,0.5114234071597821,1.7291415929794312,2454907.0606496623,1.7418048116378486,1.308161973953247,0.0485439375042915,True,-5.042,6.49
HD 145675 c,14 Her c,HD 145675,HD145675,145675,5.8,1.4,1.0,16.4,9.3,4.3,0.45,0.17,0.15,1,5314.9,81.6,0.405,0.047,4.427,0.031,0.996,0.022,0.969,0.042,5.3762,0.9,0.05574,3.010945898401861,18.557069117117816,5.244885243044706,1.064416249958719,6.855054351241461,1.895121729353506,0.0806531943482613,0.495060699063283,0.0964030468578571,3.834922480654359,-3.729917321091659,3.5626122478724813,21.7387927795324,73.74903056058918,36.01767539870916,29.641882318878856,301.2770225011037,25.814539006275083,6846.889189657733,29587.153338801472,13267.788251179809,8710.355521366,2478209.6976653417,12604.71807597438,1.308161973953247,0.0485439375042915,True,-5.042,6.49
HD 145934 b,HD 145934 b,HD 145934,HD145934,145934,2.04,0.24,0.23,4.73,0.2,0.21,0.057,0.057,0.039,0,4823.7,78.1,0.095,0.06,3.011,0.059,6.931,0.172,1.813,0.232,5.1552,1.05,0.00436,0.2167201035765558,4.770439095160494,0.205697160083683,0.3871491829619404,2.264640960367163,1.1043131248113496,0.0425638277602842,0.0629622549870105,0.0612004126754105,67.06277839811167,-26.000045497884425,62.31956072292542,40.84149866083303,87.96136681970495,41.74256966868563,122.06433648323042,178.71203759744327,121.7619044861413,44.41306539055495,2832.740304351013,42.89783054181999,1873.0844524474812,2454619.912612551,514.0094926049933,0.0,100000000.0,False,-5.301,14.24
HD 1461 b,HD 1461 b,HD 1461,HD1461,1461,0.0208,0.0019,0.0018,0.06361,0.00096,0.00099,0.062,0.06,0.042,0,5695.2,94.3,0.182,0.062,4.327,0.031,1.152,0.027,1.031,0.047,4.6106,0.68,0.04261,0.000952335179308,0.063657875358578,0.0009386094813887,0.003236384316647,0.0234334583692937,0.01206597597429,0.0658308088538856,0.1003243023365138,0.0733005680388867,47.26020919896661,8.008000996324457,55.697336546394496,40.76806069703992,90.6318173920716,41.28024297352306,123.22896027602845,180.20488205788573,124.33058421599154,0.0002403727038045,5.7717833021352565,0.0002440302462858,1.3306175065226853,2455198.8226148,3.832400356419385,0.0559882372617721,0.038706362247467,False,-5.009,5.76
HD 1461 c,HD 1461c,HD 1461,HD1461,1461,0.0222,0.0028,0.0028,0.1121,0.0017,0.0017,0.112,0.1,0.077,1,5695.2,94.3,0.182,0.062,4.327,0.031,1.152,0.027,1.031,0.047,4.6106,0.68,0.04261,0.0016791006282817,0.1121881449539195,0.0016541864492236,0.0045765932579625,0.0309719885576323,0.0162372275092482,0.0921251267284692,0.3778503424800304,0.096127384029179,11.945623349766777,-139.53237442026952,14.817024958635884,42.648569021372666,94.70620269744948,40.64327441289669,134.24881050908056,192.6638187690281,116.38248181453449,0.001221844100689,13.503691139846786,0.001091792519313,0.3550107488408685,2455205.0882899053,0.4818270481191575,0.0559882372617721,0.038706362247467,False,-5.009,5.76
HD 147379A b,HD 147379A b,HD 147379A,HD147379A,147379a,0.096,0.012,0.012,0.3315,0.0024,0.0024,0.096,0.11,0.068,0,4126.1,37.6,0.114,0.071,4.65,0.01,0.628,0.007,0.648,0.014,8.4608,1.41,0.09287,0.0024187336532447,0.331534217304044,0.0023958249861452,0.0193900525650178,0.1096654511745997,0.0614865489037598,0.1749341386630519,0.2397898722329833,0.2326446617408551,26.252694907135464,-138.8404509387781,187.0556956767336,42.92847276937451,90.4499490759301,41.97254580271908,121.99654341042807,179.19015760859995,122.85748572875116,0.0670959743900425,86.6015504102831,0.0725510153914967,6.631599751766771,2455240.309232689,8.749396598897874,0.0295921713113784,0.0455893389880657,False,-4.636,1.51
HD 154345 b,HD 154345 b,HD 154345,HD154345,154345,0.905,0.071,0.089,4.272,0.086,0.08,0.038,0.036,0.027,0,5490.6,81.1,-0.07,0.06,4.505,0.032,0.87,0.019,0.886,0.041,5.4564,0.76,0.05466,0.0667690368755797,4.1319850466121775,0.0658355277475033,0.0581661130288519,1.1656044282536944,0.0940104176016494,0.0196575232843743,0.0658291401568952,0.0197536297787006,17.692786403235438,-49.57289053474944,15.835975773300229,20.372584765146517,88.48351466145118,20.06068498185273,30.830665508948897,67.44717182737539,25.737036532737804,23.227945766195266,3257.170755446576,23.39429068480831,159.5759005122818,2455001.6402251585,139.91278265602887,0.121074378490448,0.0313530787825584,True,-4.766,2.37
HD 156279 b,HD 156279 b,HD 156279,HD156279,156279,9.5,0.31,0.31,0.5039,0.0082,0.0084,0.64779,0.00068,0.00066,0,5458.2,84.2,0.192,0.058,4.45,0.033,0.966,0.022,0.96,0.047,5.3266,0.801,0.0276,0.0078681089785806,0.5064195409536558,0.007420365989979,0.5789512435394837,10.22920781694003,1.5515563774769952,0.0010320441139922,0.6479185118470235,0.0010168930147786,0.1632097726260468,-94.38081838587748,0.1680853165578781,25.530845255716105,83.54972555259198,26.98072165651618,96.18323550189682,147.83168096205796,159.13175957963458,0.0049508380693055,133.39894655157423,0.0049239400959208,0.0270390803925693,2455259.188874465,0.0262114889919757,0.4945645928382873,0.0378744229674339,True,-4.952,4.7
HD 156279 c,HD 156279c,HD 156279,HD156279,156279,9.44,0.31,0.32,5.46,0.091,0.093,0.2597,0.005,0.0049,1,5458.2,84.2,0.192,0.058,4.45,0.033,0.966,0.022,0.96,0.047,5.3266,0.801,0.0276,0.0881760986860991,5.500313946474109,0.0860589228235984,0.5739979222383003,10.312345863735784,0.6547515371360095,0.0072486454016097,0.2595405044891011,0.0075384630455295,1.6533837256729529,98.8779737344657,1.5882227296314966,13.106814296580538,76.84691075250475,37.33116443044739,31.543445606542235,102.03021781694514,15.88940065359023,29.20966244716601,4775.801076506044,31.4908910330023,16.481849551200867,2455896.9402853334,15.501997505314648,0.4945645928382873,0.0378744229674339,True,-4.952,4.7
HD 156668 c,HD 156668c,HD 156668,HD156668,156668,0.0158,0.0013,0.0013,0.05025,0.0005,0.00051,0.235,0.072,0.072,0,4903.7,59.6,0.049,0.056,4.551,0.018,0.775,0.012,0.785,0.024,6.5244,1.015,0.04107,0.0005144890383806,0.0502464451769328,0.0005160790867083,0.0025130154757553,0.017650167059102,0.0100496476185672,0.054868689924983,0.3179906244259257,0.0539192097990906,15.34327268866997,-158.36775646389384,330.85576581749103,45.68358798161572,91.8262886327468,40.744038785739605,123.90828502628165,181.35968601286805,121.96234469872483,0.0001202193683624,4.642638436923023,0.0001182342739038,0.194832507520914,2455197.902871676,0.2186640952713787,0.0366631932556629,0.0357430577278137,False,-4.889,3.72
HD 156668 b,HD 156668 b,HD 156668,HD156668,156668,0.0991,0.0079,0.0077,1.57,0.017,0.017,0.089,0.084,0.061,1,4903.7,59.6,0.049,0.056,4.551,0.018,0.775,0.012,0.785,0.024,6.5244,1.015,0.04107,0.0159712299498375,1.5429194780793565,0.0165223482876952,0.0160450129391023,0.1139360064759793,0.066394415325971,0.0579522421311382,0.094447940296389,0.0623506612408967,268.08478285871115,106.63651832816308,55.57491804560532,43.10512615018646,88.17526462929672,43.42052943143728,120.84259518219446,179.72991580149954,123.28607033681864,2.533419578659391,790.0758955898298,2.519707801309096,115.66046073939653,2455240.7999858926,85.12404739949852,0.0366631932556629,0.0357430577278137,False,-4.889,3.72
HD 16141 b,HD 16141 b,HD 16141,HD16141,16141,0.25,0.017,0.017,0.3609,0.0072,0.0075,0.195,0.051,0.051,0,5771.0,97.4,0.155,0.062,4.1,0.035,1.549,0.038,1.101,0.068,4.0041,0.71,0.02644,0.0075443585667588,0.3607740675062435,0.007409269461506,0.041386831939592,0.2889245398917049,0.1620314648405338,0.0523561998876903,0.1734875823293242,0.053293503912857,19.06327045620482,61.59471533346236,22.924064797940066,42.5218802546206,88.44414011601154,42.98737807024736,122.67347996782011,183.30155790918295,119.64608775863422,0.016453253756282,75.45006150732154,0.0164806245483077,3.742053973022848,2455172.653503626,4.669186162296683,0.0107446582987904,0.0397357009351253,False,-5.051,6.68
HD 16160,HIP 12114,HD 16160,HD16160,16160,67.3,1.5,1.5,16.37,0.28,0.28,0.6427,0.0038,0.0039,0,4813.5,72.9,-0.036,0.073,4.584,0.018,0.731,0.012,0.752,0.026,6.5307,0.99,0.13821,0.2300839926009494,17.90545434013691,0.2292811597349704,2.6323152541823447,102.4141555918935,2.661302200289469,0.0020454291545172,0.6579943440238603,0.002051952648117,0.1113707389757792,133.4858606580861,0.1100909164728136,0.7007050711704323,46.00776411533769,0.7195590516289201,1.0316866292130271,305.92328515321367,1.0381336906081629,276.13358869914373,30014.353516712126,281.4778346944732,1.9411701476201413,2458213.083719759,1.9245192743837836,30.083696365356445,0.4093137979507446,True,-4.93,4.33
HD 164922 e,HD 164922 e,HD 164922,HD164922,164922,0.0149,0.0021,0.0021,0.1023,0.0012,0.0012,0.18,0.17,0.12,0,5393.4,68.3,0.197,0.057,4.398,0.025,1.002,0.022,0.921,0.032,5.2853,0.8,0.04542,0.0012421650014958,0.1023068103074996,0.001171290251053,0.0031424042466049,0.0199251197998344,0.009869032791118,0.0951734397056207,0.2707101252497471,0.0912968207806707,22.63733999059148,-20.14899009918152,19.5303366087716,40.78449436605501,88.75729435227878,42.21162445822979,116.92773297965252,171.2524973051019,127.32062197090104,0.0013257016426457,12.45781142814692,0.0012098164300269,2.1499201632104814,2455207.276785329,0.6153166531585157,0.0416726320981979,0.0236920081079006,False,-5.069,7.12
HD 164922 d,HD 164922 d,HD 164922,HD164922,164922,0.0331,0.0031,0.0031,0.2292,0.0026,0.0027,0.086,0.083,0.06,1,5393.4,68.3,0.197,0.057,4.398,0.025,1.002,0.022,0.921,0.032,5.2853,0.8,0.04542,0.0027872469013298,0.2291692608573524,0.0026243791115015,0.0050623629620897,0.0382822186634919,0.017965552474788,0.0425995199040407,0.059692225548558,0.0621998276573089,137.07616174592576,-9.085889728090155,155.35160475260562,40.30470224769735,91.7087436212484,39.26736833084496,124.10886615356192,177.36359398151075,124.01512188107094,0.0100530797110209,41.7651261063274,0.0099461288415056,9.244817645754663,2455182.9876298634,9.790406356565654,0.0416726320981979,0.0236920081079006,False,-5.069,7.12
HD 164922 c,HD 164922c,HD 164922,HD164922,164922,0.0451,0.0036,0.0036,0.3411,0.0039,0.004,0.096,0.088,0.066,2,5393.4,68.3,0.197,0.057,4.398,0.025,1.002,0.022,0.921,0.032,5.2853,0.8,0.04542,0.0041398652689766,0.3409192135983261,0.0038881510321575,0.0067826427871989,0.0505674720261341,0.0207425753309369,0.0416090169144485,0.0588967313189191,0.0602383105340486,96.12531461273184,-54.00671912926265,197.7339375965517,40.92306451342533,89.92558786119234,40.22717259236392,116.72800222973088,170.44842369196837,124.5414515552708,0.0354281396957105,75.77737161691067,0.0337434652354033,18.39070704160258,2455166.377930398,14.49031708855182,0.0416726320981979,0.0236920081079006,False,-5.069,7.12
HD 164922 b,HD 164922 b,HD 164922,HD164922,164922,0.344,0.013,0.013,2.149,0.025,0.025,0.065,0.027,0.029,3,5393.4,68.3,0.197,0.057,4.398,0.025,1.002,0.022,0.921,0.032,5.2853,0.8,0.04542,0.0262175003128715,2.1486567691156213,0.0251129219167243,0.0368190572610383,0.3772635552495058,0.1191215645366525,0.0225479068005297,0.0757100230193624,0.0214700052013193,18.416890049342044,108.51189738211768,17.514133077085916,37.91951096666006,88.48246912788933,35.52931819237422,121.5331140803384,186.92233401732295,116.45544435941704,2.417738992492332,1198.8460854404389,2.5665093617615184,60.60936908610165,2454403.351505959,57.79243005765602,0.0416726320981979,0.0236920081079006,False,-5.069,7.12
HD 167042 b,HD 167042 b,HD 167042,HD167042,167042,1.59,0.13,0.13,1.304,0.04,0.043,0.092,0.061,0.057,0,4926.1,79.2,0.093,0.061,3.286,0.052,4.902,0.108,1.691,0.159,2.4751,0.943,0.02011,0.0417174329355964,1.3024103727170877,0.0395653100074964,0.258532396217789,1.9089847243393585,1.040403231601424,0.0164684791567098,0.1506389801328511,0.0162211957348899,6.295018305760465,87.20397944903166,6.476434034249451,42.231174000605606,89.09640267181288,42.53596045732834,124.71771192082082,185.490829204512,119.31605417113931,0.2370266469741864,417.8433397223333,0.2344378588058475,7.019957987125963,2455065.682317636,7.241639105137438,0.0423372574150562,0.048829611390829,False,-5.129,8.67
HD 167215,HD 167215,HD 167215,HD167215,167215,201.1,4.2,4.2,7.205,0.077,0.076,0.8522,0.00059,0.00066,0,6113.2,96.5,-0.306,0.062,3.999,0.024,1.689,0.038,1.045,0.033,3.6224,0.48,0.0122,0.1152929965178719,7.484887823216894,0.1660753479817112,6.271594121845538,140.18134447388604,6.484843746784094,0.016094923025568,0.9062342404446202,0.0142522734996073,3.319841683502233,143.6058782027714,3.0791125623304936,7.958941781794934,90.50030062798945,7.996264923551948,7.702283247044932,211.77732542942016,7.6335762798399855,105.01475695507544,6873.129383288211,215.1159434688252,216.88855941360816,2451741.6821624567,106.38863297970966,1.640919208526611,0.0483712255954742,True,-4.798,2.67
HD 167665,HD 167665,HD 167665,HD167665,167665,48.4,1.4,1.4,5.39,0.079,0.08,0.3421,0.004,0.0044,0,6139.0,90.5,-0.141,0.059,4.186,0.029,1.376,0.032,1.063,0.047,4.0394,0.54,0.03201,0.0793499691354764,5.480433694939721,0.0778052163893106,2.4559218902883586,56.99020163037895,2.791193131901224,0.0034149804377773,0.3425010649376119,0.0033358368402569,0.5462531455133615,-135.79166329144329,0.5442156139417591,56.06972039207625,113.53277304259606,4.214283089272854,1.3652640345086908,38.13582020180076,1.374291300276063,4.5399813508602165,4434.238611507711,4.688077854407311,7.288306476548314,2456953.0554887536,7.47947410447523,4.824045181274414,0.1082209423184394,True,-4.816,2.84
HD 168009 b,HIP 89474 b,HD 168009,HD168009,168009,0.03,0.0038,0.0037,0.1192,0.0017,0.0018,0.121,0.11,0.082,0,5778.3,94.4,0.018,0.061,4.265,0.03,1.21,0.028,0.986,0.044,4.5302,0.604,0.04288,0.0017940884502022,0.1192163798200869,0.0017525073028526,0.006432994752831,0.0337854435839162,0.0182726966418938,0.0741947934542147,0.1053333622262699,0.124197801698097,163.09047754404253,64.63200782892649,67.43648070421911,42.94361041727666,90.10637240979348,42.28998586922772,123.94949123498476,181.13038397213995,121.39987277773037,0.0023039508995399,15.140862362311498,0.0023278885345412,2.6544528477825224,2455189.017841422,6.395105819683522,0.0204894412308931,0.0285281874239444,False,-4.988,5.34
HD 168443 b,HD 168443 b,HD 168443,HD168443,168443,7.92,0.16,0.16,0.2977,0.0029,0.003,0.5313,0.00062,0.00061,0,5530.0,97.4,0.076,0.062,3.988,0.023,1.711,0.04,1.042,0.031,4.028,0.7,0.02521,0.0023543354838449,0.2990262955194997,0.0027040878874773,0.5896805267967604,8.658920639130589,1.8650710636893544,0.0010717535016034,0.5306396372250619,0.0010283991882664,0.1468986679786326,172.79634935994932,0.1379236807570123,22.547390668226846,79.0547885544252,35.659054777026896,102.40165196517869,160.34476547183735,130.73715965402627,0.0001343708258971,58.111282598626254,0.0001393568190977,0.0151594216004014,2455219.369129718,0.0153158768080174,1.1120628118515017,0.0537033528089523,True,-5.087,7.55
HD 168443 c,HD 168443c,HD 168443,HD168443,168443,17.76,0.35,0.35,2.881,0.028,0.029,0.2112,0.0013,0.0013,1,5530.0,97.4,0.076,0.062,3.988,0.023,1.711,0.04,1.042,0.031,4.028,0.7,0.02521,0.0227430048655916,2.91202760949784,0.0262439002963748,1.194835473235749,19.90796156090002,1.225596468026346,0.002073123168298,0.2141382193686927,0.0019544188925233,0.5244678009429578,66.6691740860495,0.5482622403980173,10.057705325294188,70.6011705655427,40.54043344734544,5.411482238793724,299.72257025801406,11.128942963397776,0.6704560818855043,1757.1322928350917,1.4140691677350787,2.8868114412762225,2453772.53908848,2.5616484847851098,1.1120628118515017,0.0537033528089523,True,-5.087,7.55
HD 168746 b,HD 168746 b,HD 168746,HD168746,168746,0.2294,0.0078,0.0075,0.06504,0.00054,0.00056,0.098,0.026,0.026,0,5618.9,59.7,-0.034,0.058,4.305,0.021,1.101,0.024,0.895,0.023,4.7765,0.69,0.02403,0.0005764094795151,0.0650452324692876,0.0005638365868988,0.0327646833920932,0.260950682104983,0.1510779814533384,0.0280070033110791,0.0515607216251074,0.0277281541937846,29.698472071151425,26.965342731267278,35.43315592830403,43.2598440822244,90.13900040392106,43.24504406443485,122.62482071576062,182.001851702089,121.36890388377836,0.0001000570664562,6.404474908442227,0.0001008790729652,0.4974953513592481,2455197.4413432484,4.559698095079511,0.0430562943220138,0.0417613051831722,False,-5.013,5.84
HD 169830 b,HD 169830 b,HD 169830,HD169830,169830,2.957,0.069,0.07,0.8131,0.0082,0.0085,0.306,0.012,0.013,0,6179.3,97.6,0.12,0.062,4.009,0.025,1.936,0.046,1.407,0.043,3.11,0.475,0.02656,0.0086141553875302,0.8137089804621658,0.0081311326361509,0.3301837652830244,3.306935050401471,1.3544104863274495,0.010611384518695,0.299185172045738,0.0106852486093795,2.346320881718867,149.80144711092802,2.4163238241407896,37.49923719248232,90.09945416112194,39.44644303077948,122.03696020199128,177.41217871428822,122.16158220415296,0.0454640131294752,225.8082363061159,0.0450133079199588,1.265241347718984,2455084.2897896185,1.3263444495387375,0.4868120551109314,0.2046835869550705,False,-5.095,7.76
HD 169830 c,HD 169830c,HD 169830,HD169830,169830,3.51,0.12,0.12,3.283,0.035,0.036,0.257,0.019,0.019,1,6179.3,97.6,0.12,0.062,4.009,0.025,1.936,0.046,1.407,0.043,3.11,0.475,0.02656,0.0367925137248659,3.305280292436834,0.0351602299627877,0.4239224181072085,3.813420341483357,2.1315853274365213,0.0207490647887587,0.278825688442099,0.021606132216473,8.600105413490347,-47.93469774586512,8.942643006119887,40.84613796888999,88.66585486734728,40.6895062702789,119.25528344651885,179.1415160596728,120.9837439158006,9.004963076537706,1847.785737274684,9.622598112457126,44.65216574259102,2456409.2149440185,47.603746792301536,0.4868120551109314,0.2046835869550705,False,-5.095,7.76
HD 170469 b,HD 170469 b,HD 170469,HD170469,170469,0.555,0.075,0.072,2.212,0.04,0.044,0.15,0.16,0.11,0,5765.6,100.1,0.311,0.059,4.28,0.029,1.275,0.029,1.135,0.048,4.1562,0.62,0.01659,0.0379580763028055,2.185397944212105,0.0391018983402453,0.1110633726779443,0.620513259100267,0.3657507859552733,0.1014221257118098,0.1471759308204382,0.1456411031899232,145.16233623264338,98.32619457599338,52.61279972786178,43.46871261335367,90.52132378630736,42.93504566565055,124.36530114853956,182.7583013440218,120.31515799562344,15.52624833557229,1105.7839980234835,21.00277445193524,214.8477279492654,2455322.6523350924,195.37694222200665,0.0604923106729984,0.0431192331016063,False,-5.068,7.09
HD 175541 b,HD 175541 b,HD 175541,HD175541,175541,0.577,0.049,0.047,0.99,0.03,0.032,0.057,0.053,0.039,0,4970.4,60.4,-0.098,0.059,3.297,0.046,4.493,0.117,1.449,0.137,2.5016,0.89,0.00769,0.0319058993650411,0.9897572562791168,0.0301153260904895,0.1046281525525135,0.6906476512640543,0.3828845104140521,0.0559217176051178,0.0857680994148289,0.0642386281525235,40.83028400084697,-123.49972131354345,280.21614466972096,43.037180320084126,90.24021155105255,42.47977340139748,121.35281653445064,179.75170810084288,122.78280176980935,0.3655285794785072,298.7434058753953,0.362942552556774,39.57757637882605,2455280.946570801,29.60158879403025,0.065907634794712,0.0436124317348003,False,-5.183,10.24
HD 177830 c,HD 177830c,HD 177830,HD177830,177830,0.104,0.016,0.015,0.496,0.017,0.018,0.54,0.12,0.15,0,4744.9,66.8,0.353,0.057,3.454,0.051,3.576,0.087,1.319,0.139,3.3196,1.092,0.0159,0.0182587523765764,0.4970868459626246,0.0161494425204854,0.0232962858972554,0.1335896409392921,0.0609201467485283,0.1283925816073776,0.430592000198767,0.1173577025590091,16.26714200057488,127.29083036187316,12.603502511738697,37.45511642757276,88.30253774292265,43.91235729310444,116.99044112571568,171.8646212390628,127.55649359253246,0.0521800557979759,111.15231722055962,0.0558915566126501,3.788769545033574,2455179.7670422806,2.74620998557657,0.006244771182537,0.0295912008732557,False,-5.311,14.63
HD 177830 b,HD 177830 b,HD 177830,HD177830,177830,1.347,0.097,0.098,1.179,0.04,0.043,0.028,0.017,0.017,1,4744.9,66.8,0.353,0.057,3.454,0.051,3.576,0.087,1.319,0.139,3.3196,1.092,0.0159,0.0435442990573113,1.1819823242193976,0.0383208564354609,0.194435137661793,1.5563442583188667,0.498704151703804,0.0126117651882264,0.0194554350933369,0.0144452238371902,256.7095464447087,98.13663674323848,64.43912410679658,35.69470823229774,87.9973584129318,38.63356350451829,124.88976330400814,181.10442443375769,120.77393407222904,0.1881333749232112,407.3033666305802,0.1886158815523231,50.64350328827277,2455133.479153191,56.68828584207222,0.006244771182537,0.0295912008732557,False,-5.311,14.63
HD 178911B b,HD 178911B b,HD 178911B,HD178911B,178911b,7.07,0.22,0.23,0.34,0.0053,0.0055,0.1132,0.0025,0.0025,0,5576.1,88.8,0.26,0.06,4.423,0.032,1.032,0.023,1.026,0.049,4.6321,0.73,0.02438,0.0051238424337316,0.3408534219171841,0.0053504706466933,0.7115228362363819,7.866248030096465,2.2389526457318087,0.0012292178389908,0.1156272020276805,0.0012334969448319,0.6920937013570665,168.52560967619374,0.7124483355253801,32.24146237442219,89.53068917039414,35.693715147544566,126.1145763852461,184.77613772449823,126.62190894976784,0.0006339132667676,71.48147574224959,0.0006138030142039,0.1307645356282591,2455166.34856139,0.1312198559753596,0.7971625328063965,0.2750856578350067,False,-4.909,4.01
HD 179949 b,HD 179949 b,HD 179949,HD179949,179949,0.966,0.031,0.03,0.04439,0.00045,0.00046,0.016,0.017,0.011,0,6176.2,90.2,0.155,0.056,4.317,0.023,1.267,0.028,1.22,0.038,4.0932,0.503,0.03639,0.000473590720745,0.0444072319497926,0.0004368724789807,0.1135290024017895,1.0386799832680207,0.4116558072142384,0.0078487032334763,0.0332546275693167,0.0084821456997158,11.996733977134198,-152.09203315297663,13.531414136789834,42.69362727723722,93.79901199051932,36.16994809788597,129.7868324864226,187.6956726611789,118.782317870468,9.898227212978838e-06,3.092543241108748,9.756160375573586e-06,0.1052213101647794,2455199.06143308,0.1092489380389452,0.1201895922422409,0.0479055717587471,False,-4.612,1.39
HD 181234 b,HD 181234 b,HD 181234,HD181234,181234,8.9,1.9,0.76,7.48,0.39,0.23,0.793,0.086,0.082,0,5372.8,79.7,0.377,0.056,4.375,0.028,1.059,0.024,0.973,0.037,4.9577,1.0,0.02092,0.105700226510522,7.467076041967937,0.1091199743722901,1.4358543432724442,11.168443288183752,3.03349773809993,0.0783774977609969,0.8474084762277158,0.0800661659013108,8.810043193125864,115.57554073065074,12.008158038590778,15.730139803087738,79.344630190012,28.50182482661114,18.053825077037885,171.63452962276273,12.09800322145935,67.29921668995848,7507.396467901005,73.68733990957844,6962.435259839054,2457402.0943292696,117.7612126627937,0.6556910872459412,0.037697184830904,True,-5.098,7.84
HD 183263 b,HD 183263 b,HD 183263,HD183263,183263,3.705,0.098,0.1,1.508,0.02,0.02,0.3786,0.004,0.004,0,5876.0,101.2,0.278,0.063,4.281,0.03,1.293,0.031,1.171,0.046,4.2458,0.63,0.01842,0.0173383043858994,1.5093798503098304,0.0189406236085329,0.1572786357640279,3.8208211999295063,0.1543058897300224,0.0041740515865021,0.3769153639262305,0.0032313432631129,0.6293745935129635,-127.01993636269502,0.7001804084156475,14.822032598876165,87.0148059364175,19.017099091209047,131.3456172762812,196.0206504654299,109.50857353599892,0.1154896527468736,624.9955770799498,0.1127342376465776,0.9902078066952528,2455239.9435186605,0.9379934067837894,0.3942576050758362,0.0426710471510887,True,-5.055,6.77
HD 183263 c,HD 183263c,HD 183263,HD183263,183263,7.97,0.22,0.22,6.038,0.082,0.085,0.0595,0.0064,0.0063,1,5876.0,101.2,0.278,0.063,4.281,0.03,1.293,0.031,1.171,0.046,4.2458,0.63,0.01842,0.0741376054253386,6.03762132188222,0.0788349324553898,0.449387090170501,8.434889980812562,0.6058053568041011,0.0070838252272072,0.0578210443604471,0.006189130731591,3.632118463273045,-72.87937575607972,4.91130934978861,19.65614331210753,84.41298263918466,23.500597704094247,15.580638908227256,105.8385217224658,17.097559850018996,21.594575296290717,4990.950194737502,19.68110552981034,51.06063122069463,2454972.418645041,62.03362133027986,0.3942576050758362,0.0426710471510887,True,-5.055,6.77
HD 18445,HIP 13769 C,HD 18445,HD18445,18445,33.8,7.0,4.3,1.209,0.016,0.017,0.67,0.12,0.098,0,4880.8,99.0,-0.06,0.06,4.587,0.027,0.736,0.027,0.766,0.03,5.7281,0.94,6.98421,0.0192946407570884,1.243512526080117,0.0235331935771483,11.441105198525278,72.90139217529709,46.74088312583103,0.0552793116687486,0.8868244581247904,0.0457028581139574,6.145995012923294,97.99384991886556,9.607035889046458,46.59801020594302,95.98276499574936,38.78420025026283,127.49821811348738,184.1237228765525,120.4590064482668,0.6901729799064924,551.6504247279945,0.678576497859126,1.3990153791382909,2455234.9124155217,1.5290507930330932,1.25842022895813,0.466616153717041,False,-4.641,1.54
HD 186427 b,16 Cyg B b,HD 186427,HD186427,186427,1.752,0.054,0.054,1.676,0.025,0.026,0.6832,0.0031,0.0031,0,5712.0,93.3,0.074,0.061,4.3,0.031,1.159,0.027,0.983,0.045,4.5466,0.66,0.04728,0.0258854935123933,1.6757930288878375,0.0254930881124786,0.243763073928185,2.0240918114598165,1.152870239478525,0.0031825429259222,0.6781439823050224,0.0031290543526774,0.5619331102300862,82.18150947946975,0.565599657286981,42.29209285293001,88.82977757084097,41.88642357899761,119.34982995389548,175.43565323816495,124.22771199043424,0.0877523264152841,799.2372942679145,0.0868290731369825,0.4470610991120338,2455335.914851336,0.4315912551246583,0.065925233066082,0.0390299409627914,False,-5.042,6.48
HD 187123 b,HD 187123 b,HD 187123,HD187123,187123,0.501,0.016,0.016,0.04185,0.00065,0.00067,0.004,0.004,0.0028,0,5765.9,96.3,0.106,0.06,4.32,0.032,1.155,0.027,1.02,0.048,4.4576,0.61,0.02173,0.0003139941975682,0.0415786215427852,0.0013579913643243,0.0461187599660185,0.5518364029742923,0.2079518524787483,0.0043552020011217,0.0067644347505589,0.0047593176379243,42.3183322788849,41.46403579178252,36.575088143069806,24.61039799200205,111.95126150012186,27.61646834592148,121.8077417634783,173.81823360269507,127.4669581500469,2.239430883399507e-06,3.0965982082566965,2.293470903858008e-06,0.272033317014575,2455194.964076509,1.1401264369487762,0.1793164312839508,0.0269248895347118,True,-5.015,5.89
HD 187123 c,HD 187123c,HD 187123,HD187123,187123,1.713,0.058,0.058,4.431,0.071,0.072,0.227,0.016,0.017,1,5765.9,96.3,0.106,0.06,4.32,0.032,1.155,0.027,1.02,0.048,4.4576,0.61,0.02173,0.0354723661887872,4.438825328485868,0.136741040804619,0.3726636753074199,2.572305395460281,0.37537092453171,0.0175039266968906,0.273759044400655,0.0177564016338549,3.341206774710571,-92.93010517437766,3.273206819104857,87.59780685187889,135.24921259012788,7.468920894516003,58.13461875766353,286.3471612263471,14.548582692641048,13.884978828994916,3411.7173754512346,14.416135508271964,31.996553973760456,2457099.681369237,33.255139025859535,0.1793164312839508,0.0269248895347118,True,-5.015,5.89
HD 188015 b,HD 188015 b,HD 188015,HD188015,188015,1.455,0.06,0.059,1.187,0.018,0.019,0.17,0.025,0.026,0,5649.5,97.0,0.253,0.061,4.352,0.032,1.125,0.026,1.043,0.048,4.6138,0.7,0.01971,0.0181832248327238,1.187823647134901,0.0181164643544962,0.2079709950311894,1.6700366016299266,0.9801077490542334,0.0234676521816128,0.1730205361793178,0.0236593130880075,7.932603791169555,-139.12470928855953,8.677905490998228,42.773835602554286,92.73674569954429,42.18156813850904,120.16979439640504,177.54497602737734,123.53711031195871,0.3174382071867967,462.6655399156485,0.3153429296646095,16.864821076393127,2455028.5318781333,458.9997724038549,0.045486431568861,0.0297438278794288,False,-5.003,5.64
HD 189733 b,HD 189733 b,HD 189733,HD189733,189733,1.162,0.036,0.035,0.03126,0.00036,0.00037,0.027,0.021,0.018,0,5012.5,67.8,0.041,0.057,4.571,0.023,0.783,0.014,0.828,0.029,6.2475,0.932,0.05057,0.000345368208544,0.0313291765653807,0.0003302126548764,0.121529747750233,1.275613090436338,0.5842032148105334,0.0156022059734762,0.0348414222436464,0.0144971575961217,22.61763136253253,110.13733088937065,21.245871579435843,38.92840169819398,88.72787677493666,37.015845085615,121.80709767366544,178.4959005918959,122.57466043188576,7.551565940122629e-06,2.2185652884725555,7.631341951253034e-06,0.1302589387632906,2455198.069231868,0.1336876233108341,0.0679517462849617,0.0263241343200206,False,-4.445,0.61
HD 190360 c,HD 190360c,HD 190360,HD190360,190360,0.0674,0.0027,0.0026,0.1294,0.0017,0.0017,0.165,0.027,0.028,0,5537.7,83.4,0.23,0.061,4.298,0.028,1.166,0.026,0.986,0.039,4.7039,0.73,0.06244,0.0012579414738301,0.1299365509661057,0.0013489900233845,0.0045660843817128,0.069877384578085,0.0119341223886168,0.0303618652454703,0.1747158584032505,0.0289171552941406,11.121572180837536,-27.815460041284,11.826779893589723,29.06486923938344,90.77503118415464,27.226953055842813,126.63397784872552,186.14677741739956,120.57872575370185,0.0006180460185412,17.11711895179586,0.000626139218177,0.5043233754113317,2455210.5881976443,0.5236789099872112,0.1902693063020706,0.046694841235876,True,-5.105,8.03
HD 190360 b,HD 190360 b,HD 190360,HD190360,190360,1.492,0.043,0.043,3.955,0.052,0.053,0.3274,0.0081,0.0087,1,5537.7,83.4,0.23,0.061,4.298,0.028,1.166,0.026,0.986,0.039,4.7039,0.73,0.06244,0.038314396770672,3.9557698374077823,0.0412967929159444,0.1612028274955099,1.751480427341526,0.2403119938895208,0.0070274722268028,0.34967382284276,0.0069727625042159,1.3428612935371191,10.505286651599196,1.3746016184937684,11.622553098109345,63.012534394633306,19.631189451388806,16.303786880402413,99.5358297961662,23.46965281987113,3.432508090016654,2873.0488289271934,3.259952314659131,9.289238827768711,2453525.3407947016,10.19959898944944,0.1902693063020706,0.046694841235876,True,-5.105,8.03
HD 190406,HIP 98819,HD 190406,HD190406,190406,67.4,2.0,2.0,15.54,0.32,0.31,0.4618,0.0054,0.0053,0,5932.0,81.3,0.051,0.057,4.404,0.03,1.072,0.025,1.07,0.044,4.5641,0.61,0.05643,0.2559036913473669,16.546148592642723,0.2541957240980039,2.000920729304255,73.366361562493,1.988730917311244,0.0035995813070805,0.4652107424358884,0.0036617899291667,0.6391290861014767,-93.28484322128196,0.6423768800611214,2.4015125338226966,98.02036592090668,1.7329403188626742,1.5511507803952895,331.48319740035464,1.126374727216728,261.0080127435467,23024.26053476742,269.73019074003605,14.5941645456478,2457081.3583516525,14.692731374874713,8.250224113464355,0.0460625067353248,True,-4.85,3.23
HD 192263 b,HD 192263 b,HD 192263,HD192263,192263,0.658,0.03,0.03,0.154,0.0019,0.002,0.04,0.037,0.027,0,4998.1,97.0,0.048,0.062,4.564,0.032,0.784,0.029,0.821,0.031,6.2965,0.938,-1.0,0.0019717524717032,0.1540702263802846,0.0019123961653857,0.1009192103757204,0.8593199031646451,0.480126093430033,0.0063253822625281,0.0089913751651339,0.0099612559910911,142.3949742929951,18.437541467052387,109.91301886028693,41.48619762592151,89.54439349804585,42.80075454108237,122.76199384386076,179.36822695810045,124.15421172115636,0.0014613933253322,24.357536612842512,0.0014697895800992,7.218344390392303,2455205.5228252085,8.592268195003271,0.0533756762742996,0.0408403910696506,False,-4.464,0.7
HD 192310 b,HD 192310 b,HD 192310,HD192310,192310,0.0451,0.0064,0.006,0.3262,0.0035,0.0037,0.14,0.12,0.093,0,5181.1,63.1,0.081,0.06,4.494,0.022,0.858,0.016,0.844,0.028,6.0019,0.878,0.11365,0.0035676065935844,0.3261742681331433,0.0035222334269263,0.0101845805722517,0.0536287471177772,0.0291272384870017,0.1074946287029102,0.1389692214097276,0.1131889863130512,,,,,,,,,,,,,,,,0.0899986326694488,0.0499624647200107,False,-4.962,4.87
HD 195019 b,HD 195019 b,HD 195019,HD195019,195019,3.655,0.091,0.09,0.1376,0.0017,0.0017,0.0198,0.0032,0.0032,0,5746.6,99.8,0.05,0.063,4.073,0.027,1.556,0.037,1.049,0.039,4.0482,0.64,0.02652,0.0014547571399099,0.1379304671121302,0.0013695517344313,0.2464422946730335,3.9187167846252473,0.5520633028685262,0.0047750986775328,0.0094755621307623,0.0048029833159089,26.291419351130983,-119.39222240488918,42.63980222143182,28.048330474958007,96.17717662297072,25.4758468462407,125.01029669656434,200.81812432225863,101.69582500594647,0.0001622734754143,18.20135755602871,0.0001616291520107,1.625677746720612,2455202.0080945333,1.8726450027897956,0.4308190047740936,0.0337115637958049,True,-4.989,5.36
HD 209458 b,HD 209458 b,HD 209458,HD209458,209458,0.665,0.022,0.022,0.04635,0.00068,0.0007,0.0105,0.011,0.0074,0,6026.4,96.9,-0.006,0.06,4.307,0.03,1.2,0.028,1.069,0.048,4.2858,0.53,0.02067,0.000684675015983,0.046390432200279,0.0006429593349674,0.0774251364736813,0.7447657238593807,0.3381565816420172,0.0128673586696735,0.0194571681723206,0.0146551899919387,47.41875632333888,47.87644751090689,45.13896059452805,40.38504640124272,90.6614999297892,37.63988022417018,122.1646826991598,177.16574655057963,118.3443688129738,2.417433144064063e-05,3.524745405773257,2.359211030134034e-05,0.3691557683050632,2455195.0060731387,1.1066242158412931,0.0323212631046772,0.0458979420363903,False,-4.959,4.83
HD 210277 b,HD 210277 b,HD 210277,HD210277,210277,1.236,0.032,0.033,1.123,0.014,0.014,0.472,0.0055,0.0056,0,5505.8,76.5,0.213,0.059,4.327,0.027,1.114,0.025,0.964,0.036,4.9891,0.71,0.04692,0.0142785824233111,1.124176151813169,0.0135313821745362,0.1636430872992598,1.4126616722437702,0.8436240042608649,0.0055412206450319,0.4692826348520431,0.0055184811641937,0.991546376523786,124.61562801144116,0.969659181624138,41.65289092934489,88.91069139007351,43.58128171519149,122.9720643268876,179.07791103897375,123.46401611959152,0.0532590109526722,442.9507351264333,0.0531733649280568,0.7631512484513223,2454977.1228758567,0.746962727047503,0.0415651313960552,0.0444605164229869,False,-5.064,7.0
HD 211681,HD 211681,HD 211681,HD211681,211681,76.4,3.3,3.2,7.79,0.21,0.19,0.4413,0.0076,0.0064,0,5708.6,79.9,0.354,0.056,4.082,0.035,1.672,0.039,1.237,0.072,3.8476,0.7,0.01382,0.1572557511129062,8.311174729044042,0.1505913627573001,7.774753694401852,188.87683690117228,7.687687806557903,0.002664709058536,0.4487013187090507,0.0026227899839693,0.5592756116523105,-53.621985667704,0.5603255104218903,0.4787657207243398,153.19699209104914,0.4612830007018829,1.3772618066487323,208.1486475886817,1.3798363575186556,7.839960974394671,7349.709174079669,7.96051472266754,9.200295531656591,2460479.060802993,9.269083728082478,2.288791418075561,0.0464950054883956,True,-4.867,3.44
HD 213472 b,HD 213472 b,HD 213472,HD213472,213472,3.48,1.1,0.59,13.0,5.7,2.6,0.53,0.12,0.085,0,5729.5,99.4,0.125,0.062,4.145,0.032,1.434,0.033,1.048,0.051,4.1273,0.7,0.01549,3.114472371758362,15.60183770887769,10.037715118156717,1.899435880143992,5.943239957781162,7.91494207919968,0.1325975326399975,0.1844700849985137,0.2602032672373842,174.06583070665653,61.5258401707756,77.94567718652458,43.36693805389616,90.7687898759526,42.79606157882732,119.72950489857136,177.57080605437358,123.19750485326692,6179.400326415989,21904.009582802293,24015.206818872783,3325.3719915621914,2457763.4969746363,5493.41086336365,0.0969013348221778,0.03595457598567,False,-5.092,7.67
HD 216520 b,HIP 112527 b,HD 216520,HD216520,216520,0.0326,0.0036,0.0038,0.1954,0.0025,0.0025,0.19,0.13,0.12,0,5160.0,69.5,-0.124,0.057,4.545,0.023,0.783,0.014,0.791,0.03,6.0314,0.86,0.05112,0.0024772122210372,0.194584758060159,0.0024498738414814,0.0064996125508162,0.043297533752045,0.0250548671605144,0.0746790347988011,0.2298182065491394,0.0726070872854448,23.905783687306908,-48.80261845110455,22.93210148451268,42.5962490754508,89.55910967624325,42.79175531602431,122.25685023736372,181.4593140641209,121.87522163788492,0.0149202513441792,35.25327913480598,0.0143082544162069,2.1336206551641226,2455209.657275043,1.968634338118136,0.0855956897139549,0.036348819732666,False,-4.908,4.0
HD 217014 b,51 Peg b,HD 217014,HD217014,217014,0.464,0.014,0.014,0.05236,0.00076,0.00079,0.0042,0.0046,0.003,0,5760.8,95.5,0.206,0.06,4.317,0.031,1.187,0.028,1.069,0.047,4.5579,0.67,0.06465,0.0008333042859762,0.0524667051685892,0.0007047937912265,0.0559789438353691,0.5306900594532239,0.2194481777429568,0.0069660201558143,0.012225597014854,0.0072997187944643,33.36325267070203,1.7043083974150914,36.35163417183912,38.4528999745116,87.87135901784178,39.0632820972033,124.7659648899132,176.31876128782065,127.96006028439038,5.18307147689967e-06,4.23079449108457,5.252568699987137e-06,0.9841366307809948,2455197.400293865,2.927489926572889,0.2657380700111389,0.121782511472702,False,-5.05,6.65
HD 217107 b,HD 217107 b,HD 217107,HD217107,217107,1.385,0.039,0.039,0.0739,0.001,0.0011,0.1279,0.0017,0.0016,0,5606.8,94.3,0.34,0.06,4.325,0.03,1.172,0.028,1.06,0.045,4.7055,0.72,0.04982,0.0019304715645734,0.0746046631187326,0.000548076420223,0.0668068835752373,1.4677362775116791,0.2486124878146407,0.0019089671867818,0.1289209399071067,0.0018582193192857,0.8449082285860001,24.211523976995423,0.8428417833776294,22.673279317592744,83.98076244944303,26.00159854421757,127.57871820521834,184.70988711445068,118.78848547520715,4.99258293729099e-06,7.126878460237325,5.012115149582996e-06,0.0166634167544543,2455194.009047057,0.0161729212850332,0.2465656101703643,0.0357940644025802,True,-5.087,7.55
HD 217107 c,HD 217107c,HD 217107,HD217107,217107,4.31,0.13,0.13,5.944,0.083,0.086,0.3928,0.0069,0.0067,1,5606.8,94.3,0.34,0.06,4.325,0.03,1.172,0.028,1.06,0.045,4.7055,0.72,0.04982,0.1539086452400733,5.953701542118102,0.0447296760195179,0.1952103272653582,4.476764472136155,0.1564863068894535,0.0068685997363711,0.3952466190224749,0.0067055697499078,1.119726613692592,-158.72060173495055,1.2074617786263673,12.018377530666086,88.69625725836501,13.664589588731246,17.362830476594667,179.13743241833112,20.42607784729657,10.53920517591905,5074.794606820685,11.454225429473809,14.867419494315982,2455875.664079125,15.483602584339678,0.2465656101703643,0.0357940644025802,True,-5.087,7.55
HD 218566 b,HD 218566 b,HD 218566,HD218566,218566,0.198,0.018,0.018,0.6875,0.0082,0.0085,0.268,0.1,0.095,0,4942.9,63.1,0.298,0.058,4.529,0.024,0.831,0.015,0.855,0.031,6.2187,1.02,0.03466,0.0083714378304764,0.6871050738021918,0.0082343523864001,0.0338426690288125,0.229080779729441,0.1362770907794445,0.0972443517590861,0.3073844917556363,0.1165802669875345,14.388043470859415,43.826924054707405,21.40172357850065,42.9039854310622,89.4842198235774,42.84857995445952,122.19438024003712,179.81582139576713,123.19596368399934,0.502432113153958,224.99312198217075,0.3950765485208478,7.296273042913526,2455098.1222613147,13.035012705717236,0.0951533168554306,0.0489417612552642,False,-4.91,4.03
HD 219134 d,HD 219134 d,HD 219134,HD219134,219134,0.013,0.001,0.0011,0.03838,0.00043,0.00043,0.063,0.07,0.045,0,4817.1,62.0,0.083,0.058,4.575,0.021,0.757,0.013,0.788,0.027,6.4869,1.01,0.15308,0.0004302427586604,0.0383869222784654,0.0004286343187744,,,,0.0546549220694326,0.062686764694751,0.0550952988913911,,,,,,,,,,,,,,,,0.146289587020874,0.0606961622834205,False,-4.904,3.95
HD 219134 f,HD 219134 f,HD 219134,HD219134,219134,0.0112,0.0014,0.0014,0.06466,0.00073,0.00073,0.16,0.12,0.11,1,4817.1,62.0,0.083,0.058,4.575,0.021,0.757,0.013,0.788,0.027,6.4869,1.01,0.15308,0.0007361252757369,0.0646569638017701,0.000732576264874,,,,0.11654620634513,0.1600088453393155,0.119637486427329,,,,,,,,,,,,,,,,0.146289587020874,0.0606961622834205,False,-4.904,3.95
HD 219134 e,HD 219134 e,HD 219134,HD219134,219134,0.0243,0.0023,0.0022,0.1453,0.0016,0.0016,0.072,0.078,0.051,2,4817.1,62.0,0.083,0.058,4.575,0.021,0.757,0.013,0.788,0.027,6.4869,1.01,0.15308,0.0016037958875678,0.145340108457605,0.0015462361851004,0.0045079652345445,0.0286098568556027,0.0164178044066159,0.0632050994288877,0.0710816258208351,0.065681767007363,,,,,,,,,,,,,,,,0.146289587020874,0.0606961622834205,False,-4.904,3.95
HD 219134 c,HD 219134c,HD 219134,HD219134,219134,0.0516,0.0032,0.003,0.2346,0.0026,0.0027,0.077,0.055,0.05,3,4817.1,62.0,0.083,0.058,4.575,0.021,0.757,0.013,0.788,0.027,6.4869,1.01,0.15308,0.002756442119005,0.2346317659830333,0.0026520289205912,0.008393609928684,0.0603945234495593,0.0345093237109299,0.0529025714843838,0.0774234850442146,0.0525800996487907,,,,,,,,,,,,,,,,0.146289587020874,0.0606961622834205,False,-4.904,3.95
HD 219134 b,HD 219134 b,HD 219134,HD219134,219134,0.308,0.014,0.014,2.968,0.037,0.037,0.025,0.027,0.018,4,4817.1,62.0,0.083,0.058,4.575,0.021,0.757,0.013,0.788,0.027,6.4869,1.01,0.15308,0.0369667325010936,2.967967206466158,0.0361968511378538,0.0438888997508932,0.3545856817765146,0.2032450003196124,0.0232407250193059,0.0250822834164558,0.0233875916823829,,,,,,,,,,,,,,,,0.146289587020874,0.0606961622834205,False,-4.904,3.95
HD 22049 b,eps Eri b,HD 22049,HD22049,22049,0.651,0.039,0.039,3.5,0.039,0.04,0.044,0.047,0.031,0,5020.4,57.7,-0.044,0.058,4.59,0.018,0.759,0.012,0.815,0.024,6.192,0.88,0.31094,0.0354685939290639,3.479585391106696,0.0348655024261885,0.0786162406277365,0.8292216899983417,0.1428867007282331,0.0312243293124804,0.0483307266683008,0.0357141632269948,292.36948874820257,131.23223823713744,36.19663868934035,35.01264502575162,90.72923507743768,33.29859669817638,13.091704082050027,23.288601365957238,17.047234902535365,10.943224192070376,2624.7981771728155,11.043236202818662,235.20049385586756,2455306.2283099936,279.7594443773851,0.891451895236969,0.1721294671297073,True,-4.477,0.77
HD 222582 b,HD 222582 b,HD 222582,HD222582,222582,7.88,0.24,0.24,1.335,0.02,0.02,0.7615,0.0035,0.0034,0,5746.7,91.8,0.017,0.061,4.305,0.031,1.145,0.027,0.969,0.043,4.5865,0.6,0.02369,0.0201743663959119,1.3389620173988606,0.0198105384660907,0.8054061444240901,8.81471573090386,3.08982513602837,0.0032115958063108,0.7607860950056147,0.0032286477612977,0.3452226671857445,-40.44373340231398,0.3409990213708482,36.55353356022759,89.76719909182215,36.703907961955736,123.87965594090868,180.0616962489045,122.59699297675408,0.0437187326414232,572.5374259474958,0.0447091247939397,0.1508706645108759,2455289.3161563925,0.1516829319298267,0.1129921674728393,0.0484632179141044,False,-4.937,4.44
HD 239960,HIP 110893 A,HD 239960,HD239960,239960,54.0,10.0,13.0,15.1,7.1,5.0,0.61,0.11,0.14,0,3493.3,52.1,-0.066,0.078,4.932,0.013,0.326,0.009,0.333,0.011,11.5755,1.65,0.24994,0.6470369525708319,8.224728889536987,0.988852591046914,6.086450651693973,39.63892782988618,23.184446866479853,0.0355894653382111,0.3628281536229817,0.0453388127617067,3.881834358282674,-150.10035555221995,4.096056260794427,43.406727341694136,92.13752824569252,40.29650339280589,122.91957785843302,177.11693266550867,124.40592905916128,1504.8707178581044,13973.696345825216,2329.834277020802,83.4341901098378,2457162.4916941323,86.86427768040448,0.0,100000000.0,False,-4.995,5.49
HD 24040 c,HD 24040c,HD 24040,HD24040,24040,0.201,0.027,0.027,1.3,0.021,0.021,0.11,0.12,0.079,0,5776.5,84.6,0.197,0.059,4.197,0.029,1.387,0.031,1.104,0.053,4.1822,0.66,0.02142,0.0280075542124158,1.3017812900182024,0.0236509700686602,0.083893572679262,0.1867407861741864,0.0866808608423434,0.1638368685837197,0.2518005375869664,0.2269016122713672,149.13441100450044,70.47721874604693,67.3459836878585,40.3405787284187,91.9305447216065,36.7126997959047,116.52489720104164,169.564130843894,118.2714263696935,7.026215756200145,514.7705819871762,4.136038621806733,96.0459371386096,2455040.995488348,191.4323250874877,0.1651540398597717,0.0332186296582222,True,-5.046,6.58
HD 24040 b,HD 24040 b,HD 24040,HD24040,24040,4.05,0.15,0.15,4.708,0.076,0.077,0.0117,0.011,0.0082,1,5776.5,84.6,0.197,0.059,4.197,0.029,1.387,0.031,1.104,0.053,4.1822,0.66,0.02142,0.0812428211268327,4.7041836945968125,0.0681886178437967,0.3210053416819542,4.404383505535941,0.7870947324401492,0.0102647839642223,0.0142043467110405,0.0164288806161403,120.5669567536084,42.18923928655913,63.353118396289375,24.350193693227844,78.17628315054783,28.5150691959704,163.04802848091472,267.84556916593533,54.03214043334009,16.228714926643534,3517.9698975944543,17.53796748873492,617.8376302560791,2453554.7160257665,1810.2971143131144,0.1651540398597717,0.0332186296582222,True,-5.046,6.58
HD 26161 b,HD 26161 b,HD 26161,HD26161,26161,13.5,8.5,3.7,20.4,7.9,4.9,0.82,0.061,0.05,0,6057.6,87.6,-0.009,0.059,4.163,0.027,1.456,0.032,1.133,0.054,3.8946,0.501,0.02441,1.3321404932684455,15.132551746884548,2.380155641237547,4.817368201458713,47.25053126277272,6.571440442496687,0.0138362815275411,0.8420873627862796,0.0199773497682368,0.8606333903809613,-5.669509893827788,0.7891373203935723,75.55252827729493,125.6750227070985,9.084488850630564,13.002727269605924,29.21164682655641,5.322603116519009,2498.725403631106,19808.19418448893,4727.099992160678,3.216114490758628,2460075.9134355686,3.1078650653362274,1.0502324104309082,0.03483197838068,True,-5.032,6.25
HD 28185 b,HD 28185 b,HD 28185,HD28185,28185,6.04,0.2,0.2,1.045,0.016,0.018,0.0629,0.0042,0.0049,0,5622.0,93.8,0.227,0.061,4.383,0.034,1.076,0.025,1.023,0.05,4.8139,0.75,0.02536,0.0058442244366248,1.0339714256607913,0.0059147453795964,0.8103676270293834,6.7531478534735125,4.130881724216479,0.0039637126026963,0.0630135213512734,0.0039845314389051,,,,,,,,,,,,,,,,0.1552456319332122,0.031796358525753,True,-5.029,6.19
HD 28185,HD 28185,HD 28185,HD28185,28185,40.0,43.0,28.0,15.9,7.3,5.1,0.26,0.12,0.093,1,5622.0,93.8,0.227,0.061,4.383,0.034,1.076,0.025,1.023,0.05,4.8139,0.75,0.02536,0.2754175373520979,8.496918263010913,0.2707754570252412,0.5977028654089356,5.994059044762008,0.5908910841899528,0.0390848957409376,0.1501402038422969,0.0395993848205871,,,,,,,,,,,,,,,,0.1552456319332122,0.031796358525753,True,-5.029,6.19
HD 285968 b,HD 285968 b,HD 285968,HD285968,285968,0.0285,0.0043,0.0043,0.06649,0.00042,0.00043,0.16,0.14,0.11,0,3703.5,32.1,0.147,0.081,4.784,0.009,0.478,0.008,0.509,0.01,10.0998,1.51,0.10556,0.0004345210694304,0.0664900684880287,0.0004268547002266,0.0064579139419943,0.0345185625874217,0.0187168897634194,0.1071212763433134,0.1635913171559291,0.1214481650428495,79.85230697307874,88.3786760971502,49.46360089512571,43.1361964233752,91.19966725755332,41.66696541428314,125.3092786019043,185.1133057745291,119.91024444787249,0.000997943115049,8.774924247278744,0.0010058144633724,6.84317241050303,2455197.4457284,3.459386548027396,0.1293329745531082,0.0710544362664222,False,-4.646,1.56
HD 31253 b,HD 31253 b,HD 31253,HD31253,31253,0.446,0.063,0.063,1.296,0.024,0.025,0.44,0.12,0.17,0,6014.9,81.7,0.14,0.058,4.032,0.03,1.829,0.042,1.325,0.073,3.4852,0.53,0.01717,0.0242882102423345,1.284540906877112,0.0235130191552026,0.0865582424921885,0.5028291659366706,0.289987433755386,0.094676953985195,0.1446542554252822,0.1133108301630476,50.48301551177718,-104.98316665695116,229.13603512572445,42.99579289049032,90.67394786537824,43.34972092475327,122.527783044332,180.7839175216086,122.01654465186137,1.698098985814113,461.6480276274417,2.152342852184404,75.02612845925614,2455263.786571593,71.91875525517389,0.0342308580875396,0.0419050753116607,False,-5.031,6.24
HD 32963 b,HD 32963 b,HD 32963,HD32963,32963,0.726,0.036,0.035,3.416,0.058,0.059,0.069,0.04,0.039,0,5706.1,92.6,0.075,0.061,4.336,0.032,1.111,0.026,0.981,0.046,4.8551,0.63,0.02623,0.0570227709816371,3.4324560241948925,0.0560011872565402,0.6386024488355277,2.1663770415861547,0.7858399308558308,0.0287563140933252,0.0900757584254428,0.0280014563122442,17.28662605376266,83.68299612830624,17.975597558362367,121.767606845203,142.07636268741166,22.708221679774027,21.035414025943908,211.61232307668405,56.79986848671507,19.08720451905492,2341.994812845808,20.68549775583415,107.7934840945527,2455330.5366658536,111.98585096932948,0.1871508061885833,0.0438165739178657,True,-5.052,6.7
HD 33636 b,HIP 24205 b,HD 33636,HD33636,33636,8.92,0.29,0.3,3.238,0.051,0.053,0.491,0.005,0.0049,0,5949.3,90.3,-0.071,0.061,4.409,0.031,1.04,0.024,1.017,0.049,4.7957,0.61,0.03372,0.0534948278961273,3.24711129802616,0.0492242701955332,0.3369647730698339,9.276445230054229,0.3595876647534162,0.0030821384402553,0.4808281971538102,0.003050322719771,0.6124424384575491,-24.07894765481099,0.6185585587957725,14.790801237504112,90.43361146702328,10.90749276973115,18.9315508709718,27.26283682364172,321.19241305734164,1.223587005048557,2109.208577907198,1.217163945809716,2.68114101421088,2455417.350831671,2.777892114128917,0.3209298551082611,0.0456144548952579,True,-4.875,3.54
HD 34445 b,HD 34445 b,HD 34445,HD34445,34445,0.658,0.04,0.04,2.106,0.038,0.04,0.103,0.059,0.056,0,5829.5,86.2,0.138,0.059,4.146,0.031,1.479,0.034,1.11,0.06,4.0537,0.62,0.02167,0.0428684957200715,2.1201880790610823,0.0431076433881854,0.1052031050414168,0.893122499956642,0.286814060583591,0.0463321356124326,0.3089383311592489,0.0432014621155694,9.702429652132396,95.91122496838308,10.0717457886405,33.47359364537881,87.84970616851487,34.64312119906306,121.63840111253272,179.2619784883317,120.5455906206148,4.171274688210588,1067.8853069177208,4.217858460148818,22.07345191668719,2454825.6836938607,24.516400107648224,0.0212809816002845,0.0388699434697628,False,-4.965,4.92
HD 3651 b,HD 3651 b,HD 3651,HD3651,3651,0.2202,0.0077,0.0077,0.2954,0.0043,0.0044,0.614,0.015,0.015,0,5205.9,74.5,0.168,0.06,4.505,0.03,0.872,0.017,0.888,0.039,5.5719,0.92,0.08979,0.0045582961754822,0.2955424217770856,0.0046054433057824,0.0314958470335063,0.2599323602434306,0.1564427808960626,0.0119776461117285,0.6226732874283675,0.011676879706281,1.955632048573804,-112.01748017485048,1.8212499169240888,45.91999444414095,90.48263429089252,41.486743515961024,123.46167989911406,178.26058236965986,121.9158591113765,0.0020340521032267,62.25652150827695,0.0019373182374948,0.2227254114113748,2455178.3378073405,62.1722109420225,0.100244365632534,0.0883034691214561,False,-5.02,5.99
HD 37124 b,HD 37124 b,HD 37124,HD37124,37124,0.65,0.016,0.016,0.5253,0.0032,0.0032,0.05,0.019,0.022,0,5698.6,48.7,-0.326,0.06,4.391,0.016,0.949,0.017,0.813,0.015,5.0714,0.67,0.03155,0.0034950666376815,0.5253350589045169,0.0033715241306442,0.0440799360126822,0.6982627061727351,0.1685274106443234,0.0171762294462631,0.0462393990123379,0.0182707630737734,285.95431321674255,146.2882971482452,20.455890441150217,26.314696274909537,75.6806553571451,26.7975905844053,87.55254670413564,133.82808442974138,124.88905684349685,0.0227224788026774,154.26224760830934,0.0257457719360161,10.17245833389461,2455254.7687715627,10.585842435713856,0.1085649505257606,0.036066748201847,True,-4.857,3.32
HD 37124 c,HD 37124c,HD 37124,HD37124,37124,0.647,0.08,0.09,1.687,0.011,0.011,0.126,0.047,0.045,1,5698.6,48.7,-0.326,0.06,4.391,0.016,0.949,0.017,0.813,0.015,5.0714,0.67,0.03155,0.0114404219565833,1.6861948549057484,0.0108546041167845,0.1578016171655794,0.7266053392056442,0.2946743140936068,0.0479829189295184,0.1611569639950027,0.0520210055411473,16.87431680655371,6.0581335160562,16.24877267344406,38.09643176867823,78.9202002388264,39.36325184297526,212.85074129320705,237.0238650743318,100.24585803111609,1.9237830602099848,887.0969142935752,1.904827672919282,35.169970145914704,2454799.10524928,819.797563593369,0.1085649505257606,0.036066748201847,True,-4.857,3.32
HD 37124 d,HD 37124 d,HD 37124,HD37124,37124,0.659,0.034,0.036,2.67,0.022,0.021,0.16,0.12,0.11,2,5698.6,48.7,-0.326,0.06,4.391,0.016,0.949,0.017,0.813,0.015,5.0714,0.67,0.03155,0.0194386319060737,2.678011679286078,0.0200220555815446,0.0697913457674658,0.7539082857955859,0.1244570864483128,0.1340404196976248,0.2946353834487875,0.0769693892285368,18.034140994610595,-77.67223970014956,157.1302214184171,24.463724740035808,78.46312097477116,36.74064614106146,64.75985302512635,139.01044790776024,95.86821383618285,10.321316914451472,1775.5563396952623,11.017928419945974,827.4281549919397,2455365.1270088498,93.44417892582716,0.1085649505257606,0.036066748201847,True,-4.857,3.32
HD 3765 b,HIP 3206 b,HD 3765,HD3765,3765,0.173,0.014,0.013,2.108,0.032,0.033,0.298,0.078,0.071,0,5049.8,64.9,0.172,0.06,4.527,0.026,0.831,0.016,0.852,0.033,6.1734,0.94,0.05576,0.0306488427976798,2.1219085194860443,0.030309093983297,0.0298311928872286,0.2044321266493032,0.1180265247798677,0.0918159057080698,0.1868716030128921,0.0951440577501471,28.850814375919413,-86.75661654354752,26.612042738012,43.30109872373059,90.38846962315692,42.39722569105543,122.06531660161238,181.17989226846964,122.55203828791576,11.006127300176558,1222.6281851604754,12.53832541493989,91.40738523565231,2454994.724598311,85.13590839784592,0.0712651312351226,0.0358810722827911,False,-4.953,4.71
HD 38529 c,HD 38529c,HD 38529,HD38529,38529,0.876,0.014,0.014,0.1329,0.00035,0.00035,0.26,0.014,0.015,0,5624.2,116.1,0.377,0.059,3.709,0.012,2.858,0.04,1.529,0.012,2.9671,0.77,0.02358,0.0003375983187549,0.1329251908666791,0.0003414297941644,0.1017911069223098,0.992349573024682,0.4382470700499544,0.0143336514674646,0.2672590688189684,0.013895786885736,3.119526407386047,94.92637216292933,3.1916748447741554,40.27503582371655,92.25426778033776,37.82930454101759,124.50457489928324,186.0147761083087,117.78793870346703,0.0001972335284161,14.310206884497145,0.0001866741136993,0.1103551569394767,2455200.478054379,0.1133031132631003,0.1505679786205291,0.0562909953296184,False,-5.01,5.8
HD 38529 b,HD 38529 b,HD 38529,HD38529,38529,13.21,0.1,0.1,3.736,0.01,0.01,0.3545,0.0048,0.0047,1,5624.2,116.1,0.377,0.059,3.709,0.012,2.858,0.04,1.529,0.012,2.9671,0.77,0.02358,0.0096979223635678,3.7418728898673153,0.0102246262089105,1.1759712357101098,14.728005194154145,4.399271890623973,0.0051841422533257,0.3542666117170386,0.0054509767639568,1.023712672935389,21.125287305271275,1.0405837252556331,33.91324403358729,91.4687769992054,33.72917297670932,119.83663350663328,175.85609799664027,123.22806128543228,1.4809212549707809,2127.5035925172874,1.4824960115993235,5.055467355065048,2454405.336064088,5.182718416675925,0.1505679786205291,0.0562909953296184,False,-5.01,5.8
HD 40979 b,HD 40979 b,HD 40979,HD40979,40979,3.8,0.16,0.16,0.8669,0.0074,0.0076,0.251,0.028,0.028,0,6149.7,58.7,0.203,0.063,4.343,0.023,1.237,0.028,1.235,0.032,4.1316,0.522,0.02931,0.0075773823750964,0.8680056164603344,0.0075107613787696,0.5237317355067215,4.520454568152303,2.655074048911678,0.0140149478883626,0.2790441820720619,0.0138763271254133,3.5700167268354197,-32.4715774919825,3.5698308637524647,42.09514989242885,90.66889771184772,42.40026001366127,125.03853168869448,182.65431842782164,121.13081277613122,0.1246966097947961,265.1745010497887,0.1283529427681742,2.5755600119009614,2455249.6748698256,2.554082924965769,0.0348447039723396,0.0264129526913166,False,-4.646,1.56
HD 4203 b,HD 4203 b,HD 4203,HD4203,4203,1.821,0.078,0.077,1.177,0.021,0.022,0.513,0.013,0.014,0,5625.1,77.6,0.38,0.056,4.146,0.032,1.497,0.034,1.137,0.063,4.2245,0.73,0.01226,0.0228154035502923,1.1804792856624131,0.0202223535151886,0.1173052079584811,1.924461672539518,0.2716720911478953,0.0136663972325699,0.5154533536556537,0.0130541842676749,2.02415354185511,-27.40615444024993,2.0556221551412506,24.136743253859045,87.62007181156862,25.299940875148398,122.43525596198782,175.23345131242456,128.77149260091124,0.1373392325761528,437.1577676842632,0.1368193907147201,1.6755113205872476,2455412.1343326517,1.6231079692952337,0.1281804293394088,0.0417332723736763,True,-5.096,7.79
HD 4203 c,HD 4203c,HD 4203,HD4203,4203,2.68,0.99,0.24,7.8,5.4,0.78,0.19,0.29,0.089,1,5625.1,77.6,0.38,0.056,4.146,0.032,1.497,0.034,1.137,0.063,4.2245,0.73,0.01226,0.1711461576720623,7.131967111454615,0.1928082262600137,0.314421876689348,2.815992502697343,0.7352619142059149,0.0333718036242875,0.1059506200593353,0.0385547330202738,19.529359223022723,-87.29988219137233,22.934121208206815,39.96022233172434,91.75335122967786,35.279945648323206,28.421954796352285,55.261178735894696,31.257450534490467,144.88439215186736,6483.680169683733,190.72340309664744,334.15973118459806,2457165.030093386,392.5777345267125,0.1281804293394088,0.0417332723736763,True,-5.096,7.79
HD 4208 b,HD 4208 b,HD 4208,HD4208,4208,0.771,0.036,0.035,1.634,0.022,0.022,0.059,0.044,0.038,0,5669.8,76.2,-0.22,0.06,4.42,0.028,0.935,0.02,0.847,0.034,5.2172,0.67,0.02922,0.0222143024819296,1.637773993661826,0.0216673252346388,0.3094627918915275,1.1159844742525205,1.712858005524711,0.0311358711014937,0.0458357810470871,0.0393343044298394,42.0485244601946,-107.39071660609063,182.22460271421693,56.05714863535248,128.86330386894304,33.99883991400699,240.70774576480085,261.1919701418192,85.22865883603896,1.6073812935038632,831.0214485979016,1.626989558175751,147.26157664507627,2454922.037353179,105.23346411529928,0.1377944946289062,0.0439351387321949,True,-4.812,2.81
HD 42618 b,HD 42618 b,HD 42618,HD42618,42618,0.0478,0.0057,0.0056,0.5337,0.0089,0.009,0.27,0.13,0.12,0,5716.7,88.3,-0.086,0.06,4.409,0.033,0.989,0.023,0.92,0.046,5.0504,0.63,0.04106,0.0087642650936342,0.5344210933739374,0.0088226490432279,0.0104447654255348,0.0691898237265971,0.040858476498419,0.1116006435989154,0.337524543947545,0.1037241790062558,12.037351992664654,58.696858398944485,13.662278870501453,42.077443637153145,88.08520583123267,43.29261442735553,122.16360263835008,180.6387507539757,122.5440582607092,0.2065658690594034,148.7330542888384,0.1745995430816833,4.185187089722604,2455158.822277566,4.638247644063085,0.017881529405713,0.037071231752634,False,-4.995,5.49
HD 45184 b,HD 45184 b,HD 45184,HD45184,45184,0.0374,0.004,0.0038,0.0641,0.001,0.0011,0.18,0.1,0.1,0,5820.1,94.8,0.042,0.059,4.38,0.033,1.075,0.025,1.015,0.051,4.6543,0.64,0.04552,0.0007352787361065,0.0642248989474566,0.0008185960651842,0.0041165957637409,0.0407585141794304,0.0084524809692791,0.0779482834655004,0.1233476463483629,0.0830537150000823,34.036063975154235,-63.71964802099842,36.65323477342898,26.992137361476843,88.38424228735086,32.402603808787134,127.42250467402316,185.69240627338735,115.76396477814008,0.0001610626950983,5.885355682156496,0.0001638900125975,0.9019652814604342,2455196.882588457,5.459728875663132,0.041691705584526,0.0283972844481468,False,-4.946,4.6
HD 45184 c,HD 45184c,HD 45184,HD45184,45184,0.0345,0.0057,0.0059,0.1095,0.0018,0.0019,0.48,0.18,0.24,1,5820.1,94.8,0.042,0.059,4.38,0.033,1.075,0.025,1.015,0.051,4.6543,0.64,0.04552,0.0012590853718268,0.1096805757091464,0.0013963905109267,0.0060860421641092,0.0335318183248604,0.0116977972342858,0.254521861488424,0.4587298373924523,0.2528945228600707,24.87988323960156,-52.52893661767431,18.293656062726345,37.59233338290333,88.62979672141313,36.86219918470228,113.55257759238182,158.8842478234101,125.7941349999864,0.0016133953820087,13.1340295788442,0.0030810648586925,1.651738571934402,2455201.528185595,0.3884773263707757,0.041691705584526,0.0283972844481468,False,-4.946,4.6
HD 45350 b,HD 45350 b,HD 45350,HD45350,45350,1.821,0.075,0.07,1.958,0.029,0.03,0.794,0.012,0.012,0,5607.8,92.9,0.292,0.06,4.258,0.03,1.258,0.03,1.047,0.047,4.4313,0.74,0.02131,0.029339986842632,1.96076786180028,0.0285256712276507,0.2447366471817909,2.042020073430858,1.1710903084099544,0.0045723109588374,0.7729118904289839,0.0043627563026015,1.051473902268924,-27.50798850510677,1.014345268455738,43.31955480659386,91.53473121720089,41.87181681307868,124.5623727267214,183.4520577769267,120.51075421240358,0.1941961443170612,978.8361865076876,0.1963645948850398,0.6373558971099555,2455708.1648422186,0.6377386800013483,0.0786567628383636,0.0331200994551181,False,-5.105,8.01
HD 46375 b,HD 46375 b,HD 46375,HD46375,46375,0.2267,0.0087,0.0087,0.03998,0.00059,0.0006,0.063,0.024,0.024,0,5264.4,74.1,0.271,0.06,4.485,0.031,0.914,0.019,0.933,0.042,5.2205,0.86,0.03381,0.0005494704463871,0.0399826955104439,0.0005244024192603,0.0254085331266705,0.2572762748886529,0.0943927441830471,0.0196343355700279,0.0384223707233953,0.0187318285746075,33.12119869361376,113.51970392119694,28.56949974695266,36.57603160490201,93.44697479874044,38.29855486934618,120.3436446555601,173.22123149434992,128.59902231984017,9.575157806196444e-06,3.023495317119352,9.74777549211936e-06,0.2451530946418643,2455195.638995345,0.2667649281211197,0.1593086719512939,0.0458983518183231,True,-4.903,3.93
HD 4747,HIP 3850,HD 4747,HD4747,4747,49.2,1.6,1.6,9.85,0.17,0.17,0.731,0.0015,0.0015,0,5331.9,74.7,-0.166,0.058,4.557,0.026,0.794,0.015,0.832,0.033,5.7951,0.77,0.05318,0.1379202277241731,9.93329222666636,0.135835560512552,1.8180433311783304,66.0404176128699,1.754751165736863,0.0013946835737224,0.729899361754825,0.0013874115639348,0.4788685444603686,-92.55828463412288,0.4803107885195032,1.0841355750466946,49.760886739231495,1.1187948574754856,1.3357792193637297,90.92983095917276,1.364930731090297,92.3233959542049,12086.065414686414,94.65181312955974,89.15991268539801,2462561.080203293,91.38839631713928,3.77365779876709,0.048884205520153,True,-4.694,1.85
HD 49674 b,HD 49674 b,HD 49674,HD49674,49674,0.1149,0.0083,0.0084,0.058,0.00082,0.00084,0.06,0.06,0.042,0,5628.4,82.7,0.3,0.06,4.426,0.03,1.044,0.022,1.064,0.046,5.0503,0.71,0.02321,0.0008414986738084,0.0579979476752398,0.0008326123331337,0.0185936378184394,0.1326041208439436,0.0765592672137121,0.0377322155912121,0.0540378104842829,0.0535530152242563,80.95561429157732,28.125486680438406,65.80585765827547,42.48098108006501,88.17013890397271,43.20412874707279,122.35191478765036,178.69317677759395,123.0425148675806,0.0001050437013514,4.947212140751337,0.0001043907502449,0.8948057261295617,2455194.635884619,3.051904659718275,0.0461555831134319,0.0425646230578422,False,-4.858,3.32
HD 50499 b,HD 50499 b,HD 50499,HD50499,50499,1.346,0.084,0.087,3.847,0.038,0.04,0.348,0.046,0.045,0,5978.1,103.7,0.305,0.061,4.222,0.024,1.433,0.034,1.253,0.035,3.8486,0.575,0.02158,0.0389940987963086,3.84820092117845,0.038002171923869,0.2001937921911765,1.588367448115729,0.7476308386431574,0.0386298995803697,0.3323942368026302,0.0368389420294613,7.826473694533504,-90.86146497513047,7.865082396793866,43.2423803115046,90.72057627724608,40.58902730923437,125.4881586729886,177.18714661654556,126.16312001211108,13.93085594592094,2461.177642644988,13.333488349871914,41.46373197063804,2456203.6743902955,41.0752388369292,0.017076039686799,0.0269957762211561,False,-5.059,6.87
HD 50499 c,HD 50499c,HD 50499,HD50499,50499,3.18,0.63,0.46,10.1,2.0,0.84,0.241,0.089,0.075,1,5978.1,103.7,0.305,0.061,4.222,0.024,1.433,0.034,1.253,0.035,3.8486,0.575,0.02158,0.6547912736217505,9.668151017018197,1.0069046401526087,0.666475183899788,3.480852839876217,1.888288288030912,0.0660059014977834,0.1985312863159213,0.0685334489131932,21.427637845400056,116.25586606030754,20.463298421108192,41.44715594342715,90.11498076044366,43.4316509292225,118.57786806266752,177.95099775572402,123.2964975307886,967.4241639952888,9794.274108816697,1550.5190463071503,465.241604027804,2453180.019007799,406.9633959075436,0.017076039686799,0.0269957762211561,False,-5.059,6.87
HD 50554 b,HD 50554 b,HD 50554,HD50554,50554,4.35,0.19,0.18,2.265,0.035,0.036,0.459,0.019,0.018,0,5968.4,95.9,-0.021,0.062,4.333,0.032,1.146,0.026,1.037,0.049,4.4013,0.532,0.03206,0.0351061973380861,2.271522661739924,0.0352813567856467,0.4988386964180096,5.462884998621721,0.6673909591393716,0.0123629575390125,0.4817220734400311,0.0119598031823904,1.8243666107910197,3.91714334516679,1.826083460519285,44.64285491215092,98.09660523069635,22.61876989193225,19.927579900321348,209.56594794334904,46.34687634365389,1.4702927397147505,1224.1451865623712,1.4886915757801944,5.202202629297972,2454300.29070714,5.3623152445070446,0.1417883336544037,0.0343557670712471,True,-4.957,4.79
HD 52265 b,HD 52265 b,HD 52265,HD52265,52265,1.108,0.031,0.031,0.506,0.0056,0.0056,0.213,0.013,0.014,0,6057.4,97.2,0.191,0.061,4.239,0.025,1.38,0.033,1.216,0.04,3.992,0.56,0.03333,0.0054999372417947,0.5062022044527507,0.00559977380357,0.1504061306648316,1.3454973854503585,0.8076465848132608,0.011553449017585,0.2868480172565785,0.0116825410823991,2.902955628094489,-126.72909646745208,2.8272005425474305,41.04641739849899,90.30045894584816,42.25729785782373,124.31351701413378,181.4875226871361,119.85951303996316,0.0090659442075775,119.2508513914354,0.0090634827726177,0.8550758240744472,2455243.237552109,0.8395345048047602,0.0596827864646911,0.0328140594065189,False,-5.09,7.62
HD 66428 b,HD 66428 b,HD 66428,HD66428,66428,3.19,0.11,0.11,3.455,0.049,0.05,0.418,0.015,0.014,0,5647.6,94.3,0.271,0.061,4.323,0.031,1.169,0.027,1.051,0.045,4.5468,0.715,0.01874,0.049108333200285,3.459564835272345,0.0512453475981908,0.6697185388967899,3.9765504467309225,2.7782129188207,0.0105034532880819,0.4255648418316949,0.0110121131888923,1.9731247944225172,-174.8559568329521,2.0617580406957075,56.47427273384255,96.27178167464936,43.63807500828105,50.4454364467472,128.82050372429194,45.36920777371512,5.00293815654004,2286.7558452634594,5.15650225630452,11.170397627633063,2454578.664694702,10.751434582285585,0.6619687676429749,0.0413663648068904,True,-5.103,7.95
HD 66428 c,HD 66428c,HD 66428,HD66428,66428,27.0,22.0,17.0,23.0,19.0,7.6,0.32,0.23,0.16,1,5647.6,94.3,0.271,0.061,4.323,0.031,1.169,0.027,1.051,0.045,4.5468,0.715,0.01874,5.802805948624469,17.42444449530764,10.66022034077615,6.257645722658575,18.16815876753293,10.778997112656793,0.074134118548593,0.2052717671140971,0.2001769700208906,28.4061100910274,-119.26389825990834,40.905288120014376,64.94914968352647,125.68132722854092,30.33008775296805,24.87881238168372,135.7220906222826,24.052981685517096,11650.277711784707,25674.198686062457,26399.38309870192,1070.6543973223306,2458982.275298406,1452.4998987340368,0.6619687676429749,0.0413663648068904,True,-5.103,7.95
HD 68017,HIP 40118,HD 68017,HD68017,68017,33.8,5.7,5.8,21.2,4.8,4.4,0.432,0.075,0.09,0,5712.4,48.6,-0.324,0.06,4.381,0.016,0.961,0.018,0.815,0.014,5.1261,0.69,0.04633,0.2591043992493755,14.414285581222536,0.2758406311559991,2.062190207351506,143.32764656723822,2.142551938548337,0.0095490177637286,0.2960381412115627,0.0100429258251888,2.0653407868873472,-74.98601748733032,2.1340434022044263,0.0773152253459272,170.00034004316268,0.0740423387118482,0.5127011337150265,97.707826488518,0.5146415964806579,521.3328805588644,20488.903920309,564.0111444808463,67.8157778242603,2458126.094632283,69.68570553325117,14.33108139038086,0.0906903520226478,True,-4.886,3.69
HD 68988 b,HD 68988 b,HD 68988,HD68988,68988,1.915,0.053,0.054,0.07021,0.00096,0.001,0.1581,0.0027,0.0031,0,5883.4,103.8,0.305,0.057,4.309,0.03,1.256,0.029,1.172,0.049,4.3622,0.62,0.01641,0.0006013127577207,0.0702222596660175,0.0007042180259799,0.1210656739134223,2.052191807454069,0.3107835824118843,0.0048711079681116,0.1544236091081558,0.0043417613913803,1.57178457230345,39.41254102064894,1.6088950622926603,28.001293772551023,92.2020999043922,27.628975297378005,122.0409466453467,175.97764217452072,127.5036412832614,1.0592453417501702e-05,6.276419222498504,1.0755939987561192e-05,0.0263247215189039,2455195.6545610777,0.0265392498113214,0.2900204360485077,0.0325776077806949,True,-5.003,5.64
HD 68988 c,HD 68988c,HD 68988,HD68988,68988,15.0,2.8,1.5,13.2,5.3,2.0,0.45,0.13,0.081,1,5883.4,103.8,0.305,0.057,4.309,0.03,1.256,0.029,1.172,0.049,4.3622,0.62,0.01641,0.6943787031487165,11.668206940818724,0.8756711629004617,0.6123823492125826,14.588203078581142,0.8046339519197545,0.0359585974879303,0.3727542439854755,0.0412319403280018,2.6431939014740067,172.5251330653682,2.4699093256487004,15.519319962772002,83.74003502767474,13.03326372640248,14.190997906798714,345.06173641002925,10.452231499558536,1144.5691808305492,13355.706588176576,1534.6032680769383,83.16478122398257,2453162.1431562444,73.4741861675866,0.2900204360485077,0.0325776077806949,True,-5.003,5.64
HD 69830 b,HD 69830 b,HD 69830,HD69830,69830,0.0323,0.0021,0.002,0.0794,0.0012,0.0013,0.112,0.054,0.06,0,5420.6,81.3,0.012,0.06,4.49,0.033,0.887,0.019,0.89,0.041,5.4672,0.78,0.07959,0.0011571874994153,0.0795225091908669,0.001131341790899,0.0035965436697232,0.0348694510347771,0.0128785363440718,0.0392290221579332,0.1356328858403021,0.0387508637629671,15.835100664575094,46.02082348128431,13.831785340563847,36.76958473981265,89.53668156483299,37.88326543139729,123.35823402105667,179.80010127632252,125.24424937919648,0.0002682944175926,8.66911271149088,0.0002663305260668,0.3706910526379943,2455197.463304813,0.3357776910997927,0.0694970414042472,0.0500479452311992,False,-4.963,4.9
HD 69830 c,HD 69830c,HD 69830,HD69830,69830,0.031,0.003,0.003,0.1882,0.0029,0.003,0.114,0.096,0.079,1,5420.6,81.3,0.012,0.06,4.49,0.033,0.887,0.019,0.89,0.041,5.4672,0.78,0.07959,0.0027436907518857,0.1883940017854546,0.0026800471530441,0.0042225552525654,0.0331069408148197,0.0135416091856236,0.0387658072421133,0.057338591821334,0.0558621892691522,220.54625706924983,88.6351225688614,62.47728635786207,38.62622813610992,88.93169229769126,40.40357089428039,120.24346325535664,176.95921613823117,124.87224878864016,0.0065054859715836,31.610729606820865,0.006463438843955,5.640983061864972,2455202.3164739143,6.87818813836202,0.0694970414042472,0.0500479452311992,False,-4.963,4.9
HD 69830 d,HD 69830 d,HD 69830,HD69830,69830,0.0444,0.0054,0.0056,0.645,0.01,0.01,0.104,0.1,0.073,2,5420.6,81.3,0.012,0.06,4.49,0.033,0.887,0.019,0.89,0.041,5.4672,0.78,0.07959,0.0095058864869042,0.6476228768444263,0.0092036365346991,0.0079976781754088,0.0592120304073856,0.0276632742930329,0.059399248055267,0.0844534125747734,0.0768049701125989,45.37080214298147,-12.61552904115134,47.78051175379324,40.84096100075503,89.62992671265381,42.22426781835317,126.67570696618276,182.4968265028577,117.6371908104125,0.2572019342387364,201.45996258391568,0.2643951758562366,152.0600638887845,2455208.4807771286,29.14072914188728,0.0694970414042472,0.0500479452311992,False,-4.963,4.9
HD 72659 b,HD 72659 b,HD 72659,HD72659,72659,2.85,0.12,0.12,4.652,0.067,0.068,0.269,0.018,0.026,0,5865.2,103.9,-0.01,0.061,4.094,0.03,1.522,0.036,1.053,0.044,3.9268,0.57,0.01924,0.0674360172687666,4.65299737737815,0.0645528622062503,0.3442236105362339,3.4273295216244977,1.1686172558361774,0.0172839863758204,0.23551225538478,0.016733498162872,4.564565838544667,-99.58700156123416,4.543474186146483,35.54549195186431,87.5643160737067,38.95201030614093,84.76131805495453,116.8521530271744,189.1227225256977,15.19097587031274,3568.018279985521,14.4718571413905,40.570499257184565,2455246.386912464,38.84963593631983,0.7318984270095825,0.0321938954293727,True,-5.043,6.5
HD 72659,HD 72659,HD 72659,HD72659,72659,230.0,730.0,190.0,49.0,24.0,19.0,0.21,0.19,0.14,1,5865.2,103.9,-0.01,0.061,4.094,0.03,1.522,0.036,1.053,0.044,3.9268,0.57,0.01924,11.954876430183724,33.12470787623561,15.179141667170732,44.25691172464728,93.11902779922728,80.9821413549034,0.120958798200934,0.168473558620283,0.2594513402431933,146.41638234871112,-16.331859868352424,149.5511167433139,46.32903675251323,86.58758938809301,45.26588812529205,12.713780924776952,27.36479769990311,16.408792883344507,31455.01011482846,65250.6457252088,45622.98519384055,12501.591277659403,2475373.6409661463,27174.77175873425,0.7318984270095825,0.0321938954293727,True,-5.043,6.5
HD 74156 c,HD 74156c,HD 74156,HD74156,74156,1.745,0.061,0.061,0.2844,0.0049,0.0049,0.6536,0.0036,0.0038,0,5951.7,85.6,0.079,0.06,4.139,0.029,1.511,0.034,1.151,0.059,3.5703,0.54,0.01733,0.0050792304586191,0.2847591187785359,0.0050716998569788,0.1887463177276953,1.940576395457736,0.7524803918779195,0.0065309454875084,0.6356297629264746,0.0064256644978815,0.8269309311995983,176.21492521703314,0.845680251882527,37.54031633002996,98.39042707618852,36.81763458112656,118.90336387452824,174.49231038669527,131.4123341078325,0.0006592041584312,51.63586693519239,0.0006507109508717,0.0556009947322309,2455182.594992107,0.056106629781425,0.3050942420959472,0.0313930138945579,True,-5.067,7.06
HD 74156 b,HD 74156 b,HD 74156,HD74156,74156,7.65,0.27,0.26,3.726,0.064,0.065,0.3691,0.0055,0.0055,1,5951.7,85.6,0.079,0.06,4.139,0.029,1.511,0.034,1.151,0.059,3.5703,0.54,0.01733,0.067394874006045,3.743773889504548,0.0658617497507614,0.9139217515865354,9.530984970432293,0.9111064421518212,0.0084074686281842,0.4000233527519793,0.0083253421775503,1.555188672207393,-90.5278582981093,1.604027169668754,23.2438705996654,73.45768791488184,53.06426460052627,21.24191625696688,47.01219536603495,306.8822149156373,4.547806326062982,2453.595500527176,4.726677916291919,7.581936024129391,2455907.6625711187,8.03875886136666,0.3050942420959472,0.0313930138945579,True,-5.067,7.06
HD 75732 f,55 Cnc f,HD 75732,HD75732,75732,0.0295,0.0014,0.0013,0.01583,0.00024,0.00025,0.036,0.034,0.025,0,5317.9,80.5,0.383,0.055,4.458,0.032,0.964,0.021,0.975,0.045,5.46,0.87,0.07943,6.257145852250207e-05,0.0160366685937392,4.647602289700042e-05,0.0021122855196302,0.0306835423054902,0.004513853228529,0.0356729240024278,0.0523000803269961,0.0490824722846276,54.06043099084406,-3.3735445909820423,60.63875934350434,24.48629673617661,94.42111486679048,24.52606857393161,122.87547094503373,186.55349395367932,113.936809482916,2.048656895792256e-06,0.7365429922631799,2.0292188626092056e-06,0.3797148619778454,2455197.7855381817,0.2720389412716031,0.0728773698210716,0.0618013553321361,False,-5.008,5.74
HD 75732 b,55 Cnc b,HD 75732,HD75732,75732,0.841,0.026,0.026,0.1162,0.0018,0.0018,0.0048,0.0036,0.0031,1,5317.9,80.5,0.383,0.055,4.458,0.032,0.964,0.021,0.975,0.045,5.46,0.87,0.07943,0.0004581105620551,0.1177699324171506,0.0003412152422953,0.0259601920409688,0.9010139244242492,0.1184268401919229,0.0045595138265824,0.0085632412272235,0.004346252633431,304.37804115866186,142.0610901620622,27.57770041168345,16.953092358658935,74.96217562945075,17.054968962358842,102.02561250521504,143.0037442598369,139.20797699037027,7.004933357279697e-05,14.651975515695678,7.301882700794238e-05,1.3171389042399824,2455190.980996908,0.9871762692928314,0.0728773698210716,0.0618013553321361,False,-5.008,5.74
HD 75732 c,55 Cnc c,HD 75732,HD75732,75732,0.171,0.0066,0.0067,0.2432,0.0037,0.0039,0.048,0.031,0.029,2,5317.9,80.5,0.383,0.055,4.458,0.032,0.964,0.021,0.975,0.045,5.46,0.87,0.07943,0.0009575997628762,0.2466368483226114,0.0007161079507941,0.0103947279014841,0.1832685753693147,0.0289500321180296,0.0324776250714057,0.0512552726128503,0.0366725514909544,43.26982763310004,-13.301262153043218,36.26772447502359,30.79604156341955,95.07691329599764,22.345119824781463,115.98147306870568,158.5524599900234,133.39709765769118,0.0051255719871363,44.42097165177273,0.0054334181670867,34.9617965198122,2455207.1027824874,5.549976033624262,0.0728773698210716,0.0618013553321361,False,-5.008,5.74
HD 75732 e,55 Cnc e,HD 75732,HD75732,75732,0.1475,0.0093,0.0094,0.792,0.012,0.013,0.142,0.06,0.066,3,5317.9,80.5,0.383,0.055,4.458,0.032,0.964,0.021,0.975,0.045,5.46,0.87,0.07943,0.003051814529876,0.8034241237883367,0.0026067392764014,0.0246322360788155,0.1744497407543158,0.0620863858075871,0.0667672546443424,0.0971138356054221,0.0745558582172814,61.98369540896603,-95.7916561974244,250.12934165008983,27.21539550208469,120.33847904295384,20.70754177497041,110.99569095232717,157.535303793524,138.89718541274118,0.3432986400370623,261.2005782446659,0.3255944869346763,41.73211838817224,2455309.884535235,41.489586745388806,0.0728773698210716,0.0618013553321361,False,-5.008,5.74
HD 75732 d,55 Cnc d,HD 75732,HD75732,75732,2.86,0.25,0.25,5.54,0.1,0.1,0.139,0.015,0.016,4,5317.9,80.5,0.383,0.055,4.458,0.032,0.964,0.021,0.975,0.045,5.46,0.87,0.07943,0.0210459274632235,5.699018382800752,0.0204406222736377,0.0667815840326433,3.6033617741477126,0.1440744811709411,0.0083717913023248,0.1399566999676092,0.0083661007876998,3.791148003847475,-59.77670509023041,3.64471613829852,14.5962933504822,88.9286176964636,13.691252012116893,120.3094471144889,166.77674493305588,122.82035131877066,13.814521529948252,4928.550296602737,12.747426685458777,50.60796623164788,2459094.010660633,46.50193757424131,0.0728773698210716,0.0618013553321361,False,-5.008,5.74
HD 7924 b,HD 7924 b,HD 7924,HD7924,7924,0.0259,0.0014,0.0014,0.05596,0.00075,0.00079,0.049,0.044,0.035,0,5171.1,74.2,-0.123,0.058,4.555,0.026,0.78,0.015,0.802,0.033,6.0561,0.82,0.05882,0.0006807612248386,0.0559582119722211,0.0007000103132828,0.0027412633460132,0.0284283122332324,0.0087037651540787,0.0228487870971802,0.0326018003355017,0.0356490834206006,67.41450435335007,-33.273438314375824,105.45904152491438,36.46425253301864,92.60068805849878,33.67018642690884,121.2269061970259,175.6037258517291,128.58535327980866,0.0001429539028405,5.397511567212114,0.0001426213893491,2.935811386909336,2455200.3598261336,0.9813026231713592,0.020650615915656,0.0305207073688507,False,-4.842,3.13
HD 7924 c,HD 7924c,HD 7924,HD7924,7924,0.0278,0.0019,0.0019,0.1121,0.0015,0.0016,0.1,0.069,0.062,1,5171.1,74.2,-0.123,0.058,4.555,0.026,0.78,0.015,0.802,0.033,6.0561,0.82,0.05882,0.0013617400550724,0.1120736671507299,0.0014035472153489,0.0037587126912293,0.0288286961492374,0.0121491014844611,0.0574362412782689,0.2453888133542682,0.0554515234190841,13.029440396833312,37.69097481818171,12.722742062347317,38.330745886988055,86.79944178879875,42.24047871397933,127.96099646920328,185.2111413164067,125.66844398257528,0.0013923192254843,15.298681290918465,0.0014891298412749,0.5157281374558806,2455186.7492555534,0.5060065565630794,0.020650615915656,0.0305207073688507,False,-4.842,3.13
HD 7924 d,HD 7924 d,HD 7924,HD7924,7924,0.126,0.013,0.012,3.51,0.1,0.096,0.278,0.081,0.082,2,5171.1,74.2,-0.123,0.058,4.555,0.026,0.78,0.015,0.802,0.033,6.0561,0.82,0.05882,0.0651302724009044,3.555059522512851,0.0711565954412778,0.0181275378653687,0.139208791171865,0.059533169808907,0.0598486984528777,0.2364722414344403,0.0593583136576848,15.888003630287727,-98.02851523681788,17.007063809258852,39.021792842342855,91.7956785629422,40.37021112197144,119.8986386511587,171.44220489201768,126.8890775853166,58.50385286814935,2733.260994973083,60.029310165286006,110.16462537599728,2455198.505502683,114.12757947994396,0.020650615915656,0.0305207073688507,False,-4.842,3.13
HD 80606 b,HD 80606 b,HD 80606,HD80606,80606,4.16,0.13,0.13,0.4602,0.0069,0.007,0.93043,0.00068,0.00069,0,5565.9,92.2,0.348,0.058,4.402,0.032,1.066,0.024,1.047,0.048,5.0988,0.72,0.0153,0.0049275233559841,0.4594847770342481,0.0052898219217932,0.3851269075010419,4.6024394061830005,1.4786415874182248,0.0011376307106704,0.9329830548657349,0.0011583517424302,0.3821629896202481,-58.376921893765136,0.390757264206357,35.18484019018233,89.75546913169917,35.928486989096825,120.41004676836876,174.30336902095075,126.20724441854873,0.000489541370058,111.4364312366408,0.0005329013933561,0.0088036744855344,2455204.919117786,0.0097093502990901,0.3165742754936218,0.1713231950998306,False,-5.051,6.69
HD 82943 b,HD 82943 b,HD 82943,HD82943,82943,1.652,0.085,0.076,0.747,0.011,0.011,0.421,0.014,0.015,0,5918.3,95.2,0.23,0.061,4.337,0.03,1.199,0.027,1.148,0.05,4.3447,0.64,0.03622,0.0106429802033358,0.7477425680094137,0.010500473011357,0.1932248439793413,1.8498268082036844,0.7659807459834653,0.0134231137588204,0.4182103970501607,0.0119467888866273,3.225401663518994,117.24203962466186,2.843720807726072,35.75220663854459,83.8383406927269,40.2216745064879,93.78536537397844,196.58034548177488,83.1362170901374,0.0517564842653257,219.9557061847057,0.0516673698381282,0.8995960792526603,2455141.6842368003,0.8600675133056939,0.1817740201950073,0.043494738638401,True,-4.934,4.39
HD 82943 c,HD 82943c,HD 82943,HD82943,82943,1.539,0.052,0.052,1.189,0.017,0.017,0.142,0.042,0.046,1,5918.3,95.2,0.23,0.061,4.337,0.03,1.199,0.027,1.148,0.05,4.3447,0.64,0.03622,0.0170071318999862,1.1921967860338754,0.0167010407801155,2.441491147425587,6.105697988194045,2.341085562445409,0.0414502845500955,0.1642752696017944,0.0357268156525543,20.00629096987271,116.71972142159116,12.631278630553794,4.220832302787185,14.615400772357596,16.612413030495972,34.8313089750784,198.07583590926785,37.11546299444518,0.3516496996737146,442.074134352138,0.3664138976781714,23.694810891058296,2455146.1768116,15.399205768480895,0.1817740201950073,0.043494738638401,True,-4.934,4.39
HD 83443 b,HD 83443 b,HD 83443,HD83443,83443,0.409,0.019,0.019,0.04067,0.0006,0.00062,0.074,0.031,0.032,0,5429.2,87.2,0.375,0.057,4.427,0.032,1.015,0.022,1.007,0.045,5.0458,0.79,0.02442,0.0005316205798218,0.0406492909662143,0.0006215348795121,0.050400062939954,0.4640969295637876,0.2070107729729021,0.0046055352420916,0.0065171670903616,0.0071844956132818,120.06489177678566,10.306628275905672,104.89248475826729,40.890907310019294,89.1235960347804,39.85184133474968,121.21606566054616,176.44795260047346,122.31857327549768,1.4106812786351952e-05,2.9856060804858937,1.4022067425845108e-05,0.9878904512152076,2455197.9860729654,1.1904749972745776,0.0128355352208018,0.0334170013666152,False,-4.81,2.79
HD 8574 b,HD 8574 b,HD 8574,HD8574,8574,1.765,0.075,0.073,0.75,0.012,0.012,0.306,0.022,0.022,0,6004.1,87.3,-0.01,0.06,4.169,0.029,1.423,0.033,1.091,0.053,3.8953,0.577,0.02228,0.0119690886622605,0.750082704223811,0.0116481415672632,0.3573348257921009,2.1812164573683903,2.0458255590771266,0.0165333091062194,0.295878337925676,0.0166094808095574,3.5884739538427386,19.551842955765075,3.77126411541429,44.702606763291385,74.67748519521712,50.91922481389636,107.6195531239336,261.88746857607833,53.63490782380859,0.0665614230823621,227.0515685977865,0.0646224511046114,2.1740499576553702,2455111.973314994,2.2649309490807354,0.1332371979951858,0.0367506965994834,True,-4.873,3.52
HD 8765,HD 8765,HD 8765,HD8765,8765,43.0,1.5,1.5,3.356,0.05,0.052,0.3936,0.0099,0.0095,0,5658.0,94.8,0.223,0.061,4.341,0.035,1.133,0.034,1.033,0.047,3.7709,0.69,0.02047,0.0530067923274608,3.679376030579704,0.0511504617054412,17.099329183610052,346.25853535074566,17.805985030421425,0.005805685789486,0.5099981028537043,0.0057323660977385,1.0654116562727598,8.343048609969125,1.064251153545353,0.3776398000361407,10.466456290269264,0.3925754354115902,2.439456015600342,198.3020488304184,2.46127782447806,2.3434267478310176,2207.362153447865,2.30980081853113,5.243953030090779,2454988.902482596,5.200115338899195,15.020516395568848,0.5309831500053406,True,-4.848,3.2
HD 87883 b,HD 87883 b,HD 87883,HD87883,87883,2.292,0.069,0.069,4.073,0.056,0.057,0.7121,0.0083,0.0079,0,4989.4,67.1,0.104,0.057,4.549,0.024,0.799,0.014,0.826,0.032,6.2864,0.96,0.05464,0.0577264574678597,4.064451667150985,0.0571429235307867,0.3836503331714542,5.602974413391706,1.5154465338101133,0.0114218901519451,0.7072723140393461,0.0116124571365453,1.9398398606773384,-69.82029458833128,1.9036705909530696,133.65242770851015,152.88702536893177,1.8425286906307288,7.02627366693153,136.35949140406711,147.92583740152833,29.61885185065512,3281.7044216080326,30.14470535115106,10.865867676679043,2456965.3869215013,10.039873333647847,0.9774927496910096,0.0400116331875324,True,-4.789,2.58
HD 90156 b,HD 90156 b,HD 90156,HD90156,90156,0.037,0.0062,0.006,0.2508,0.0037,0.0037,0.16,0.18,0.11,0,5629.6,80.5,-0.18,0.06,4.44,0.03,0.92,0.02,0.856,0.038,5.2256,0.625,0.04553,0.0037707295990141,0.2507557886233798,0.0036527531863989,0.0082281701794064,0.0438458362557038,0.0252888022414873,0.0649592690673272,0.0926639542497715,0.103092158405629,101.5207951613581,-17.095484540971327,127.89091998331683,42.96039321094143,90.02727888709501,43.13377910175112,122.68122802342144,179.26329730877353,122.61638079860649,0.0202682398016094,49.57136642724878,0.0211160959061871,19.1337201888673,2455185.5630568443,14.224028156138957,0.0823720842599868,0.0366758778691291,False,-4.975,5.1
HD 92788 b,HD 92788 b,HD 92788,HD92788,92788,3.52,0.1,0.1,0.949,0.013,0.013,0.3552,0.007,0.0072,0,5702.3,92.4,0.277,0.061,4.338,0.03,1.162,0.027,1.076,0.044,4.7626,0.694,0.02883,0.0135846879526178,0.951296572855862,0.0118726250227165,0.4601077280621264,4.075812031996946,1.9393731573307385,0.0071169073946268,0.3469990743711389,0.007083765684009,1.5341702423689725,-81.34462967247434,1.602812797123519,37.843621301260114,82.95265160881587,42.1847112320086,160.2816730541062,204.1395849887949,117.54437738922864,0.036007530275242,325.6868006359681,0.0364889225890578,1.0708973314613104,2455321.4849662986,1.1095999870449305,0.2250386625528335,0.0474749244749546,True,-5.006,5.71
HD 92788 c,HD 92788c,HD 92788,HD92788,92788,2.81,0.18,0.17,8.26,0.37,0.28,0.355,0.057,0.052,1,5702.3,92.4,0.277,0.061,4.338,0.03,1.162,0.027,1.076,0.044,4.7626,0.694,0.02883,0.286293098169784,8.418063458302328,0.3451433520807274,0.6177699892085111,3.830608266868012,0.7245391253945721,0.0539276432829257,0.3497996669022204,0.0601240910773525,11.041535981589586,-28.79808147852913,10.505611167974491,50.62255688736716,98.8494726373809,37.227093062294585,34.213999743633,249.84305765844672,90.3914741998021,399.1320476442761,8576.820778538222,517.807331029433,263.5262526976876,2456561.3506017085,232.69696691585705,0.2250386625528335,0.0474749244749546,True,-5.006,5.71
HD 95128 b,47 UMa b,HD 95128,HD95128,95128,2.438,0.086,0.085,2.059,0.031,0.033,0.016,0.0076,0.008,0,5829.2,94.8,0.026,0.061,4.328,0.032,1.137,0.027,1.005,0.047,4.3575,0.56,0.07245,0.0318143419293708,2.0644198075309026,0.0304671876897204,0.2556349333177312,2.7866289833944635,0.8434403944767381,0.005625238664463,0.0080431708255904,0.0081403649894271,99.88754534193586,12.291532904498297,86.37208768691569,36.07283017600186,90.09143431742294,35.632946718564895,118.17764922979654,172.87196933817395,129.81562457512692,0.8201797232131867,1079.4071993809982,0.8145926014956331,324.20883353054523,2454595.559321841,502.1074426583946,0.2049955874681472,0.1564049869775772,False,-4.986,5.31
HD 95128 c,47 UMa c,HD 95128,HD95128,95128,0.497,0.032,0.03,3.403,0.055,0.056,0.179,0.09,0.092,1,5829.2,94.8,0.026,0.061,4.328,0.032,1.137,0.027,1.005,0.047,4.3575,0.56,0.07245,0.0570517488099207,3.462500115053276,0.0570311594389787,0.1157684308115217,0.6765907666936987,0.3753386209507633,0.0553558715016162,0.5753878414046358,0.0592537780585938,7.009688498883179,-149.52866301900102,7.426144983702727,40.477952583912845,86.51234031320733,43.87276919838423,116.5531238255983,165.281918187231,129.6972226154068,29.473972050562224,2350.0626937822217,21.374761872332783,61.50041333120316,2456519.121296125,37.98881892859936,0.2049955874681472,0.1564049869775772,False,-4.986,5.31
HD 95128 d,47 UMa d,HD 95128,HD95128,95128,1.51,0.22,0.18,13.8,4.8,2.1,0.38,0.16,0.15,2,5829.2,94.8,0.026,0.061,4.328,0.032,1.137,0.027,1.005,0.047,4.3575,0.56,0.07245,0.4297738406808538,9.54332055319193,0.6782589172727249,0.2400924354462568,1.4971477022897823,0.7973178740936402,0.0585350222684194,0.387349798030579,0.0751213293140333,23.06469494278365,30.345187059893345,20.75039426985628,40.48437927687485,86.39515166252488,40.104559835183096,128.29626470057943,183.2660410565415,122.47687741467462,679.6543870924434,10732.64546723726,1161.204326016015,422.0199975371361,2451524.526669852,445.126325158868,0.2049955874681472,0.1564049869775772,False,-4.986,5.31
HD 95735 c,GJ 411 c,HD 95735,HD95735,95735,0.00882,0.00092,0.00098,0.07892,0.00055,0.00054,0.095,0.099,0.066,0,3719.9,28.3,-0.361,0.082,4.895,0.009,0.369,0.007,0.392,0.008,10.4586,1.51,0.39264,0.0005387778464261,0.0789042537348722,0.0005344692614786,0.0018862525979779,0.0113865272568567,0.0063111466313276,0.126885738284414,0.2665383344018365,0.1022377952433697,24.271003992492545,-63.45297898667071,22.34567654445245,41.84982404875508,85.29146895987893,43.54151305024641,119.04267273473198,175.67946668268982,121.25443407150831,0.0010624224641251,12.938341287239476,0.0011292968509053,0.8645837651565671,2455199.932641929,0.6239813580177724,0.1019010245800018,0.0439021959900856,False,-5.146,9.16
HD 95735 b,GJ 411 b,HD 95735,HD95735,95735,0.0568,0.0091,0.0083,3.1,0.13,0.11,0.14,0.16,0.095,1,3719.9,28.3,-0.361,0.082,4.895,0.009,0.369,0.007,0.392,0.008,10.4586,1.51,0.39264,0.0753961134270859,3.4376937897861004,0.0755888645034845,0.0187901416839458,0.0736057496387029,0.0455792223689269,0.1739747984306752,0.5207051517457222,0.1010861525151551,144.8051916777829,47.70981007130364,20.41888869259688,41.89742526462081,89.36734386367804,43.80904611712951,127.75172158123416,188.4596629631565,111.59041427568545,110.06022857025528,3713.796112131175,127.46281889981584,137.0802156724967,2453951.938603017,1896.7250944217667,0.1019010245800018,0.0439021959900856,False,-5.146,9.16
HD 97101 c,HD 97101c,HD 97101,HD97101,97101,0.0322,0.0043,0.0038,0.2403,0.0017,0.0017,0.28,0.13,0.13,0,4205.9,39.6,0.243,0.072,4.625,0.012,0.67,0.008,0.695,0.015,7.9275,1.36,0.08408,0.0017051911082507,0.2400428265146142,0.0017204927407402,0.0085723912250564,0.0437575374161046,0.0262612043589472,0.1218442531870537,0.5020424684155474,0.0961372017397842,16.32227063807167,151.6649323077065,13.761675157623074,48.43889245651268,95.256030940481,39.58902796339893,117.01148652121702,172.4208157913996,125.59854423407933,0.0158882398734334,51.55560847961481,0.0162652146029884,1.319971994496882,2455186.7273897342,1.4186249719932675,0.0236214734613895,0.0477155894041061,False,-4.768,2.39
HD 97101 b,HD 97101 b,HD 97101,HD97101,97101,0.184,0.01,0.011,1.424,0.011,0.011,0.185,0.069,0.073,1,4205.9,39.6,0.243,0.072,4.625,0.012,0.67,0.008,0.695,0.015,7.9275,1.36,0.08408,0.010249597535082,1.4266008812861666,0.0105144625293862,0.025066362422684,0.2172508247928126,0.1132166630814845,0.0640598125870698,0.1912855808511648,0.064204759413141,15.496106538868943,63.78029554792448,19.236168589999835,38.49593369586344,92.35156130173432,42.18387676426255,118.72895141943144,172.93059200730295,129.57274147156153,2.0769619976478,746.7734028002299,2.180642534389108,29.476739790290598,2454924.3467900986,36.82684715092182,0.0236214734613895,0.0477155894041061,False,-4.768,2.39
HD 97658 b,HD 97658 b,HD 97658,HD97658,97658,0.0247,0.0018,0.0017,0.0805,0.001,0.0011,0.063,0.061,0.044,0,5194.0,67.4,-0.228,0.057,4.567,0.024,0.754,0.013,0.772,0.03,6.1382,0.8,0.04635,0.0010676500647854,0.0805074622364961,0.0010297458640228,0.0038445936381891,0.0294469023878544,0.0158155198747952,0.0468320698537321,0.0693735517454731,0.0614168899148395,263.9817214648633,112.55809404296193,48.75142384906819,41.91260489340211,91.55506221310952,40.926264180408666,119.36068703024574,176.89954562680057,124.12339823433427,0.0005587876628627,9.48914914758766,0.0005551453042631,1.2607405064627528,2455196.738702104,1.3938479432836175,0.0168486423790454,0.0398404672741889,False,-4.916,4.12
HD 9826 b,ups And b,HD 9826,HD9826,9826,0.675,0.016,0.016,0.05914,0.00062,0.00063,0.0069,0.0072,0.0046,0,6156.8,112.2,0.122,0.063,4.125,0.025,1.622,0.039,1.294,0.041,3.4535,0.54,0.07412,0.0006503616746455,0.0594434803695995,0.0004006168713763,0.3130680244387995,1.304363977830174,0.4265066763186267,0.0068732970074288,0.0108756410939213,0.0080030861500772,208.5890708338808,115.52199781490312,36.91849857982017,12.33104023943622,148.11139448288966,8.336326393554174,131.2461623078263,189.5465483680972,113.62410156981652,8.991137447011965e-06,4.617107821561126,8.657194936922963e-06,0.5915041700936854,2455197.2211998813,0.72362494841218,0.8381016254425049,0.3538544476032257,False,-4.989,5.37
HD 9826 c,ups And c,HD 9826,HD9826,9826,1.965,0.049,0.05,0.8265,0.0087,0.0088,0.266,0.012,0.012,1,6156.8,112.2,0.122,0.063,4.125,0.025,1.622,0.039,1.294,0.041,3.4535,0.54,0.07412,0.0089873933116888,0.831111799098644,0.0056282424389267,0.1129647240620084,2.121605709061193,0.7515929894567965,0.0093973274844926,0.2764303661362131,0.0103983995523849,2.241099656542588,-129.6052358127291,2.2666140288816763,33.347300861627964,83.90922903353217,25.991678095654805,129.64171947028598,193.68550546102287,120.20403110110291,0.0423282006494218,241.31455797927387,0.0435808480556261,1.361417215783149,2455216.492349905,1.3666694513522089,0.8381016254425049,0.3538544476032257,False,-4.989,5.37
HD 9826 d,ups And d,HD 9826,HD9826,9826,4.1,0.1,0.1,2.518,0.026,0.027,0.294,0.011,0.012,2,6156.8,112.2,0.122,0.063,4.125,0.025,1.622,0.039,1.294,0.041,3.4535,0.54,0.07412,0.0278175208383766,2.5355392470190528,0.016367584756213,0.6124795903469149,4.7563348632372415,1.8329394458884103,0.0091174307715478,0.2967892114448882,0.0082499368609551,1.80621979239406,-101.54000994446837,1.7532561919372256,34.2978743225073,79.01700441611311,50.56018889417277,142.53979416724104,211.34343699826255,101.64416719077138,0.6425029781175908,1284.0425893320185,0.7353119968247483,5.556048894301057,2455199.8919216646,5.349158603232354,0.8381016254425049,0.3538544476032257,False,-4.989,5.37
HD 99109 b,HD 99109 b,HD 99109,HD99109,99109,0.474,0.035,0.035,1.122,0.017,0.017,0.06,0.064,0.042,0,5323.9,82.5,0.384,0.055,4.436,0.031,0.986,0.021,0.969,0.044,5.1927,0.874,0.01822,0.0171270945991004,1.1217194374222812,0.0167494384368493,0.0826205950066085,0.5582492812403836,0.3404097465001149,0.0679562047617386,0.1103178581896534,0.0742134843460778,36.659677589048215,-117.598244685087,87.11132322096515,43.30665411008352,88.85955748976284,42.81386661072665,122.20564838432207,178.32344097485662,123.9470513434266,1.3159543827042626,440.74757980156335,1.2696143822387853,53.82962030451745,2455241.6473571453,59.2907384368591,0.0404957123100757,0.0443413890898227,False,-5.065,7.01
HD 99492 b,HD 99492 b,HD 99492,HD99492,99492,0.0841,0.0061,0.0062,0.1231,0.0014,0.0015,0.085,0.07,0.057,0,4936.5,63.4,0.278,0.06,4.539,0.025,0.823,0.015,0.856,0.031,6.295,1.01,0.05491,0.0014962704081269,0.1231054824149067,0.0014647588802225,0.0135038613798572,0.0937038906507484,0.0554891726551533,0.0406944739689781,0.0581223926221949,0.0637888408449893,52.5589088368032,-91.29090463922492,178.12602587800305,44.02747126833332,90.29343789647037,43.14507558340692,121.8794969453822,180.3709195759821,122.65449916235582,0.0016705338580571,17.049937113005164,0.0017431555762037,4.9606836419552565,2455207.686750348,2.748572189360857,0.0970303490757942,0.1585533171892166,False,-4.882,3.62
HIP 109388 b,GJ 849 b,HIP 109388,HIP109388,hip109388,0.891,0.035,0.036,2.41,0.017,0.017,0.05,0.029,0.03,0,3562.7,30.5,0.396,0.062,4.791,0.009,0.468,0.007,0.496,0.009,10.704,1.52,0.1136,0.0171804648755244,2.414483950296904,0.0176328162935837,0.1256881223880351,1.0301496920478912,0.5674275712693662,0.0271389867216218,0.0663038465396473,0.027693833441636,21.88776107171884,25.482801668381484,26.628788379282888,43.38993159881285,89.43806460528552,42.337592429113215,125.27645884591745,186.70380715823535,118.08167711047642,11.223151728598395,1943.997160857042,11.913029205616567,110.5482583376579,2453588.4120799694,254.41161000123248,0.2291459441184997,0.0804633274674415,False,-4.882,3.63
HIP 109388 c,GJ 849 c,HIP 109388,HIP109388,hip109388,1.079,0.053,0.053,4.974,0.082,0.074,0.099,0.041,0.04,1,3562.7,30.5,0.396,0.062,4.791,0.009,0.468,0.007,0.496,0.009,10.704,1.52,0.1136,0.0701413962692178,5.008122112277035,0.0720553866939441,0.1364717529616044,1.2257965047609627,0.6039047615236615,0.0427140543185117,0.0895992197422113,0.0417588900509171,42.52134487469826,137.29202590866709,23.87880393239783,40.65671097905148,91.92149552617778,38.513392655347445,120.88792955040824,176.8294606356252,118.5338275661947,107.7319154734405,5804.3813561142015,117.99476917328047,441.26122664893046,2453967.79722844,418.5202289675362,0.2291459441184997,0.0804633274674415,False,-4.882,3.63
HIP 22627 b,GJ 179 b,HIP 22627,HIP22627,hip22627,0.752,0.041,0.041,2.522,0.034,0.033,0.169,0.048,0.05,0,3411.8,46.6,0.183,0.072,4.87,0.011,0.381,0.008,0.393,0.01,11.5428,1.6,0.0809,0.0271979509685822,2.499993433793227,0.0264170064228359,0.126089901951236,0.964251697950288,0.1811043798848045,0.0478181940237433,0.1417789783989013,0.0449202558221766,30.161176854856592,138.54434452942894,23.46302198987732,64.86142918697448,112.50106623393984,18.38092776576273,47.03006351164271,202.02050336089843,38.6404780955908,23.823210502104303,2300.463850062961,22.689692419055064,151.0832009781152,2455122.2211002666,143.3545215507038,0.4004735648632049,0.0733192265033721,True,-4.901,3.89
HIP 57050 c,GJ 1148c,HIP 57050,HIP57050,hip57050,0.339,0.014,0.014,0.1686,0.0014,0.0014,0.366,0.027,0.028,0,3357.6,48.4,0.16,0.066,4.88,0.01,0.367,0.008,0.374,0.009,11.7871,1.6,0.09076,0.0013785072793429,0.16874188355959,0.0013198571064345,0.0257424558314786,0.3541383719489006,0.0932310367520408,0.0164661683908908,0.3695265751865206,0.0145672434528983,2.782048491616493,-97.84449971070964,3.1509056858352125,34.93747086818133,95.92257698969588,29.549264645316526,103.45684115094404,163.2877986368062,130.00399519865135,0.0059064906408252,41.37811604885082,0.0055041120242549,0.2599912430159747,2455188.610355651,0.2552934437990188,0.1512778550386428,0.0817849785089492,False,-5.077,7.31
HIP 57050 b,GJ 1148 b,HIP 57050,HIP57050,hip57050,0.26,0.03,0.029,0.9302,0.0088,0.0086,0.27,0.14,0.17,1,3357.6,48.4,0.16,0.066,4.88,0.01,0.367,0.008,0.374,0.009,11.7871,1.6,0.09076,0.0079047224933811,0.9254086821190918,0.0076049599636257,0.0352658866705577,0.2361339414814587,0.1137178370616192,0.0796847138588017,0.4457060366204071,0.0739198544537308,7.430576847615043,-149.08464537669522,7.335299644428545,42.09040927820524,89.1055642189115,44.46095769601303,136.08414308913217,207.72633120009235,98.62109146515785,1.647026512231605,531.5832375542656,1.6677141348653777,8.324846067465842,2455431.84515048,8.48168371943757,0.1512778550386428,0.0817849785089492,False,-5.077,7.31
HIP 57087 b,GJ 436 b,HIP 57087,HIP57087,hip57087,0.0668,0.0022,0.0022,0.02849,0.0002,0.0002,0.145,0.027,0.027,0,3586.1,36.4,0.099,0.078,4.841,0.009,0.417,0.008,0.441,0.009,10.6301,1.52,0.1025,0.0001914542233357,0.0284805223899351,0.0001928734487646,0.0086323820262484,0.0776493588148235,0.0423998970893275,0.0180457581596559,0.1530265318165818,0.0177800262994826,7.511259143489077,-33.09152746734086,7.642201588515842,42.081876226747305,94.1696573931094,40.34777860117551,121.94143931689776,180.04633066603088,119.89802458398049,1.6300116043144186e-05,2.6438693196533327,1.6069474451541055e-05,0.0533182872459292,2455197.40783252,0.0543453530408442,0.0821361765265464,0.0704304352402687,False,-5.104,7.98
HIP 63510,HIP 63510,HIP 63510,HIP63510,hip63510,74.1,3.1,3.2,4.775,0.057,0.054,0.309,0.028,0.025,0,3833.4,31.6,0.247,0.08,4.713,0.01,0.558,0.008,0.587,0.011,9.43,1.45,0.08686,0.0356899880389276,4.954350412575219,0.03597416516474,2.239165904572687,92.97605749728136,2.250488562403561,0.0235000739296075,0.301214116263402,0.0251265998552377,5.527052625974932,149.17223921887677,5.956696940714551,1.5193893356799038,127.91175535582332,1.5959243311142473,2.8184249976953453,57.39004974433384,2.8267157829135527,29.70992446692981,4898.961792082653,32.6086977647974,63.17303244117648,2454254.706635228,70.55383393447846,14.465723037719728,0.2340473979711532,True,-3.792,0.0
HIP 74995 b,GJ 581 b,HIP 74995,HIP74995,hip74995,0.051,0.002,0.0019,0.04099,0.00043,0.00044,0.02,0.022,0.014,0,3490.4,42.5,-0.088,0.074,4.942,0.013,0.315,0.007,0.319,0.01,11.5741,1.61,0.15875,0.0004481099481083,0.0409727703911893,0.0004113329152735,0.0068495065069146,0.0583612488637589,0.0281820090332578,0.0151585700968959,0.0224472302986535,0.0190976476058989,234.19855583586465,104.7564950253026,52.06474163909272,42.03235720900849,90.37319545886662,41.48330931410247,127.65070325440928,174.60388179172554,127.06085701165114,0.0001248905214223,5.368793398078308,0.0001242050286149,0.9132121889851988,2455197.945043176,0.9140208372846246,0.0567036941647529,0.0922302454710006,False,-5.202,10.85
HIP 74995 c,GJ 581 c,HIP 74995,HIP74995,hip74995,0.0159,0.0022,0.0022,0.07358,0.00077,0.00078,0.12,0.12,0.084,1,3490.4,42.5,-0.088,0.074,4.942,0.013,0.315,0.007,0.319,0.01,11.5741,1.61,0.15875,0.0008008760964068,0.0735720687209966,0.0007401759643278,0.0030238173708276,0.0177985589603857,0.0120078220877448,0.0566095899760732,0.0789228857661098,0.103982683191804,188.6165932035462,76.02759741265321,64.32705033430402,48.553449517244495,91.59503047458256,43.96989752332421,117.19537353728003,182.01100672580708,118.20339826029124,0.0035040995924617,12.919420093891835,0.0033938338656991,2.213088795077056,2455199.083021555,4.30016608722508,0.0567036941647529,0.0922302454710006,False,-5.202,10.85
HIP 83043 b,GJ 649 b,HIP 83043,HIP83043,hip83043,0.275,0.022,0.021,1.1325,0.0087,0.0087,0.17,0.1,0.1,0,3807.2,33.9,0.044,0.083,4.759,0.008,0.502,0.008,0.53,0.01,9.5516,1.59,0.09631,0.0079381954539743,1.1276391979637514,0.0079870976719136,0.0452329222110964,0.3175394576483112,0.1868069981470805,0.084056411356649,0.1343751564163048,0.0883735423881896,39.36074485479895,-10.046880752333562,38.24298017714384,42.878834218176806,89.04042649767726,43.17915331922228,122.69975725857589,178.96505211701978,122.7532439441138,2.7558236930888143,600.5316730902874,2.907690831654577,473.2536066872999,2455204.1017109696,77.48533221706748,0.03464075922966,0.0506280213594436,False,-4.564,1.17
